Customer_ID,Loan_ID,Age,Income_INR,Employment_Years,Marital_Status,Education_Level,Credit_History_Length,Savings_Account_Balance,Loan_Type,Loan_Amount,Loan_Tenure_Months,Interest_Rate_Pct,EMI_Amount,Pay_History,Delinquency_12M,Credit_Card_Utilization,Behavior_Spending_Score,Behavior_Repayment_Score,No_of_Open_Accounts,Total_Credit_Limit,Total_Current_Balance,Credit_Utilization_Ratio,No_of_Inquiries_6M,DPD_30,DPD_60,DPD_90,Worst_Current_Status,Oldest_Trade_Open_Months,Outstanding_Loans,Avg_Balance_6M,Bounce_Count_6M,Transaction_Count_3M,Max_DPD_12M,Missed_Payment_Count,Collateral_Value,LTV_Ratio,NPA_Flag,Default,Default_Date,Disbursal_Date,Loan_Status,Avg_Balance_3M,Salary_Credit_Frequency,Avg_Monthly_Salary_Credit,Monthly_Spend,Cash_Withdrawal_3M,Merchant_Spend_Pct,Negative_Balance_Days,UPI_Txn_Count_3M,ECS_Mandate_Count,Paid_On_Time_Pct,Late_Payment_Count_12M,Max_DPD_3M,Max_DPD_6M,Current_DPD_Bucket,Prev_DPD_Bucket,Prepayment_Count,Total_EMI_Paid,Collateral_Type,Property_Type,Vehicle_Age_Years,Collateral_Location_Tier,Collateral_Insurance,No_of_Closed_Accounts,No_of_Inquiries_12M,Months_Since_Most_Recent_Delinquency,Max_Credit_Exposure,Newest_Trade_Open_Months
1,LOAN00001,31,1039828,8,Divorced,Postgraduate,6,559903,Personal Loan,631957,36,19.92,23460,Good,1,0.2,45,55,2,2129852,933596,0.44,3,1,0,0,0,247,3,646676,1,150,0,0,,,0,0,,2022-08-24,Active,563687,Irregular,170847,114138,14662,0.4687,3,9,2,0.8607,0,0,0,Current,Current,2,26,,,,,,5,3,34,1756241,56
7,LOAN00007,33,1295517,19,Married,High School,13,728921,Auto Loan,1695761,36,20.2,63193,Good,0,0.07,63,86,5,526966,296012,0.56,2,1,0,0,0,163,5,265182,0,135,0,0,1904824.392398437,0.89,0,0,,2022-07-05,Active,311822,Monthly,36788,33605,1126,0.1011,2,78,7,0.9307,1,0,0,Current,Current,2,38,Vehicle,,0.0,Tier-1,Yes,9,6,47,446694,6
9,LOAN00009,27,2153840,28,Single,Graduate,3,568383,Business Loan,249235,48,14.52,6875,Average,0,0.12,68,67,6,2100126,779115,0.37,2,1,0,0,0,210,1,178181,1,118,0,0,328389.3383506919,0.76,0,0,,2022-06-30,Active,142664,Bi-Monthly,100619,73167,68948,0.4618,4,44,9,0.9081,1,0,0,Current,Current,0,14,Property,Commercial,,Tier-3,Yes,0,5,15,2314632,41
24,LOAN00024,46,2467781,18,Married,High School,18,141869,Business Loan,997168,84,14.35,18880,Average,0,0.16,42,90,10,2189523,1965310,0.9,0,0,0,0,0,96,5,139697,1,69,0,0,1111866.192405625,0.9,0,0,,2022-08-02,Active,166838,Bi-Monthly,176200,109947,80665,0.2742,0,59,5,0.8608,0,0,0,Current,Current,2,56,Property,Commercial,,Tier-2,Yes,9,4,52,1562812,40
33,LOAN00033,63,2346232,11,Married,Graduate,12,142144,Personal Loan,1411629,72,21.24,34834,Good,0,0.29,83,68,5,1822703,1248394,0.68,0,0,0,0,0,191,5,61586,0,44,0,0,,,0,0,,2022-09-03,Active,69773,Monthly,170035,121487,44582,0.7715,1,71,9,0.865,0,0,0,Current,Current,3,13,,,,,,7,3,21,1043984,52
41,LOAN00041,38,1409999,29,Divorced,High School,12,784734,Home Loan,1806850,60,19.32,47189,Good,1,0.51,10,62,10,1488027,1155867,0.78,3,0,0,0,0,77,0,475705,0,61,0,0,2113192.762158481,0.86,0,0,,2022-08-14,Active,516069,Bi-Monthly,134996,117772,66573,0.1423,0,24,7,0.9089,1,0,0,Current,Current,0,16,Property,Commercial,,Tier-3,Yes,2,6,51,1285686,58
58,LOAN00058,40,650854,27,Married,Graduate,2,142898,Auto Loan,887275,36,8.01,27808,Poor,1,0.79,15,37,6,1828556,959900,0.52,7,1,0,0,1,131,4,20032,3,40,60,2,1278562.007739766,0.69,1,0,,2022-08-05,NPA,18444,Monthly,180888,113998,72115,0.3087,18,26,6,0.4188,4,60,60,31-60 DPD,1-30 DPD,1,15,Vehicle,,5.0,Tier-1,Yes,8,8,6,1791283,31
59,LOAN00059,48,963081,3,Single,Postgraduate,8,783194,Home Loan,1940933,12,18.74,178628,Average,0,0.42,62,92,9,2735270,2097212,0.77,0,0,0,0,0,184,0,130185,1,146,0,0,2798472.16505804,0.69,0,0,,2022-08-17,Active,131867,Monthly,50823,26136,13882,0.6187,0,30,1,0.8275,0,0,0,Current,Current,3,39,Property,Residential,,Tier-3,Yes,2,3,32,2331375,50
75,LOAN00075,54,374016,10,Single,Postgraduate,19,29143,Home Loan,106640,72,12.87,2133,Poor,7,0.98,19,15,12,233091,47038,0.2,9,2,3,1,2,54,7,17409,4,109,90,2,135432.6120070541,0.79,1,1,2023-05-23,2022-09-12,Default,17062,Bi-Monthly,155541,87289,6013,0.5905,22,5,8,0.2148,11,60,60,90+ DPD,61-90 DPD,3,3,Property,Residential,,Tier-3,Yes,2,11,0,154074,16
88,LOAN00088,34,884807,25,Single,Postgraduate,11,701518,Personal Loan,683971,48,14.8,18966,Good,0,0.33,37,99,8,2437242,1874302,0.77,1,0,0,0,0,35,0,83985,0,102,0,0,,,0,0,,2022-08-14,Active,83730,Monthly,126230,85883,49420,0.7663,0,55,0,0.8609,1,0,0,Current,Current,4,40,,,,,,9,4,38,2873958,29
101,LOAN00101,28,824626,28,Single,High School,21,746612,Business Loan,848687,12,15.12,76649,Good,1,0.35,69,98,7,1127097,440336,0.39,2,1,0,0,0,286,0,679064,1,194,0,0,1080180.678641566,0.79,0,0,,2022-08-21,Active,653575,Monthly,170541,150262,95459,0.7634,4,54,0,0.9885,1,0,0,Current,Current,1,36,Property,Residential,,Tier-2,Yes,4,5,15,834955,55
128,LOAN00128,59,1288659,9,Single,Postgraduate,8,149407,Personal Loan,414865,12,17.08,37853,Average,0,0.41,72,78,5,2148592,464302,0.22,0,1,0,0,0,121,1,97744,1,143,0,0,,,0,0,,2022-08-10,Active,99439,Monthly,76721,61275,95564,0.5095,3,5,4,0.9574,1,0,0,Current,Current,2,6,,,,,,9,1,19,2192275,22
152,LOAN00152,43,1220052,4,Divorced,Postgraduate,14,51799,Business Loan,480532,84,15.13,9307,Average,0,0.38,67,62,1,399406,209624,0.52,2,1,0,0,0,121,1,346123,0,150,0,0,628435.2944308481,0.76,0,0,,2022-09-22,Active,343018,Bi-Monthly,52951,48187,274,0.4506,4,65,0,0.8548,0,0,0,Current,Current,1,15,Property,Commercial,,Tier-1,Yes,6,2,34,248854,4
154,LOAN00154,31,2456478,21,Married,Graduate,16,342367,Auto Loan,1981133,84,15.95,39292,Good,1,0.06,69,90,9,1435776,866658,0.6,3,0,0,0,0,35,3,289974,0,27,0,0,2115142.806370002,0.94,0,0,,2022-09-12,Active,319392,Irregular,156994,78642,55658,0.3522,1,72,9,0.972,0,0,0,Current,Current,2,31,Vehicle,,9.0,Tier-1,Yes,5,4,15,1074317,24
155,LOAN00155,43,1045817,16,Divorced,Graduate,10,347112,Personal Loan,1319445,36,17.42,47318,Average,0,0.15,50,69,6,1328223,546109,0.41,0,0,0,0,0,54,1,605313,0,130,0,0,,,0,0,,2022-08-31,Active,510807,Monthly,131881,120875,8149,0.2591,2,16,5,0.8337,1,0,0,Current,Current,1,45,,,,,,3,3,37,1298019,45
176,LOAN00176,28,308035,18,Married,Postgraduate,5,157295,Auto Loan,1860157,48,15.38,52128,Poor,6,0.65,16,30,7,1514819,853897,0.56,7,4,1,1,3,234,3,20730,7,140,90,7,2090783.772468816,0.89,1,1,2023-01-15,2022-09-20,Default,19658,Monthly,150373,102601,9244,0.2558,23,11,9,0.2329,5,60,90,90+ DPD,61-90 DPD,0,5,Vehicle,,6.0,Tier-2,Yes,2,7,9,1138922,37
177,LOAN00177,39,2002666,6,Married,Graduate,0,54468,Personal Loan,1434654,24,9.67,65983,Average,1,0.32,32,63,2,2437113,338048,0.14,0,0,0,0,0,39,1,418959,0,68,0,0,,,0,0,,2022-08-17,Active,489815,Bi-Monthly,48643,39250,91659,0.3795,2,45,0,0.9349,1,0,0,Current,Current,1,29,,,,,,9,4,21,2237983,16
178,LOAN00178,30,449608,7,Single,High School,21,360970,Personal Loan,720445,24,14.88,34890,Good,0,0.11,12,94,5,216956,83153,0.38,3,0,0,0,0,112,5,513847,1,30,0,0,,,0,0,,2022-07-08,Active,587865,Monthly,109376,70496,83937,0.4788,2,7,1,0.8429,1,0,0,Current,Current,0,51,,,,,,6,6,34,174910,46
182,LOAN00182,54,1353637,21,Single,High School,17,147935,Home Loan,1337631,60,11.72,29565,Average,0,0.16,22,95,10,1109249,788286,0.71,0,0,0,0,0,246,4,145356,1,157,0,0,1407467.780097512,0.95,0,0,,2022-08-14,Active,169678,Bi-Monthly,210101,185965,98310,0.4634,2,34,5,0.9327,1,0,0,Current,Current,1,1,Property,Commercial,,Tier-2,Yes,4,0,49,1098664,21
184,LOAN00184,35,673629,24,Single,Postgraduate,0,253044,Home Loan,1446579,36,20.7,54277,Good,1,0.42,52,96,4,2174613,1758979,0.81,0,0,0,0,0,30,4,417281,1,127,0,0,1924348.978752446,0.75,0,0,,2022-06-14,Active,380110,Monthly,74009,40196,37851,0.6084,0,37,9,0.9871,1,0,0,Current,Current,2,15,Property,Residential,,Tier-1,No,9,4,13,2189112,47
220,LOAN00220,58,2173944,22,Single,Postgraduate,1,224607,Home Loan,575896,12,12.22,51226,Good,0,0.21,57,61,3,745239,91829,0.12,3,1,0,0,0,15,1,250968,0,64,0,0,794329.8534782927,0.73,0,0,,2022-06-15,Active,241125,Irregular,132475,93123,70602,0.2916,4,27,8,0.9293,1,0,0,Current,Current,1,32,Property,Residential,,Tier-1,Yes,3,4,58,842274,41
237,LOAN00237,44,1237136,2,Married,Postgraduate,18,781371,Personal Loan,1006293,24,18.86,50657,Average,1,0.48,98,65,6,2617975,1705377,0.65,3,1,0,0,0,280,2,338278,1,146,0,0,,,0,0,,2022-06-06,Active,298198,Bi-Monthly,166221,138263,41725,0.2347,3,48,3,0.9717,0,0,0,Current,Current,0,48,,,,,,7,7,36,1369719,25
241,LOAN00241,25,1405526,14,Single,High School,8,326430,Business Loan,1705058,12,13.4,152611,Good,1,0.43,39,61,9,1676257,217807,0.13,1,1,0,0,0,78,4,241192,0,178,0,0,2215655.768705481,0.77,0,0,,2022-06-04,Active,244351,Monthly,49048,39000,54817,0.7589,0,19,4,0.8109,1,0,0,Current,Current,3,58,Property,Residential,,Tier-1,Yes,7,3,47,1559991,5
263,LOAN00263,54,2026388,24,Married,High School,16,218638,Personal Loan,1355010,24,21.89,70221,Good,0,0.49,68,87,13,2814119,2044325,0.73,2,1,0,0,0,12,0,426509,0,97,0,0,,,0,0,,2022-09-05,Active,482228,Monthly,78669,57702,87595,0.7297,2,4,5,0.9062,1,0,0,Current,Current,2,32,,,,,,4,4,36,1434611,40
275,LOAN00275,38,476868,7,Married,High School,0,99457,Education Loan,1890051,24,16.82,93285,Average,1,0.44,95,63,3,294544,256513,0.87,2,0,1,0,1,239,2,58654,1,43,90,2,,,1,0,,2022-09-07,NPA,55869,Monthly,158837,109280,25793,0.6964,24,26,3,0.6633,3,0,90,61-90 DPD,Current,2,17,,,,,,3,5,22,271382,31
276,LOAN00276,51,967324,22,Married,Graduate,18,541077,Auto Loan,1625679,60,8.11,33048,Good,0,0.43,84,87,8,330060,34563,0.1,0,1,0,0,0,148,0,596209,0,54,0,0,2049468.320053045,0.79,0,0,,2022-06-30,Active,503827,Irregular,77430,45104,42460,0.2859,4,74,3,0.8916,1,0,0,Current,Current,1,47,Vehicle,,4.0,Tier-2,Yes,0,2,31,223706,16
285,LOAN00285,38,1540497,11,Single,Postgraduate,17,683042,Business Loan,211700,24,19.77,10750,Good,0,0.5,24,78,0,1013908,737484,0.73,0,1,0,0,0,270,0,590394,1,197,0,0,231110.672255513,0.92,0,0,,2022-07-16,Active,676229,Monthly,155210,141149,95442,0.2408,3,24,7,0.814,1,0,0,Current,Current,1,52,Property,Commercial,,Tier-1,Yes,1,3,54,716192,37
291,LOAN00291,59,1615283,26,Single,High School,22,725059,Education Loan,966877,72,9.37,17606,Average,0,0.08,89,62,7,1487211,923709,0.62,2,1,0,0,0,186,0,550363,0,26,0,0,,,0,0,,2022-08-08,Active,634573,Monthly,139241,105347,38016,0.5185,0,54,4,0.9321,0,0,0,Current,Current,2,11,,,,,,2,3,48,1022108,52
347,LOAN00347,60,1215555,10,Single,High School,2,275811,Home Loan,894946,48,14.47,24667,Good,1,0.08,87,65,10,2483060,1082246,0.44,0,0,0,0,0,14,3,479064,0,106,0,0,1097999.291102878,0.82,0,0,,2022-08-25,Active,549836,Bi-Monthly,248832,132787,71000,0.2517,4,47,0,0.9935,0,0,0,Current,Current,3,35,Property,Residential,,Tier-1,Yes,1,0,33,2578080,40
360,LOAN00360,41,556297,15,Single,High School,2,359911,Personal Loan,237510,72,17.3,5323,Good,1,0.37,24,71,0,490311,388607,0.79,0,0,0,0,0,41,2,317570,0,65,0,0,,,0,0,,2022-06-22,Active,370651,Monthly,143835,117595,42083,0.6782,2,52,0,0.8632,1,0,0,Current,Current,3,49,,,,,,1,4,12,533295,52
365,LOAN00365,46,1742010,8,Single,High School,22,182878,Personal Loan,1131107,24,18.29,56628,Good,1,0.07,58,94,1,375755,115074,0.31,1,1,0,0,0,258,2,373320,1,61,0,0,,,0,0,,2022-07-06,Active,438010,Irregular,238628,138920,82167,0.7873,4,10,9,0.9341,0,0,0,Current,Current,2,25,,,,,,3,2,13,438816,58
366,LOAN00366,41,1280607,5,Single,Postgraduate,5,498086,Personal Loan,1545534,72,13.44,31385,Average,1,0.16,10,66,0,562087,361758,0.64,1,0,0,0,0,47,5,117196,0,174,0,0,,,0,0,,2022-08-18,Active,119241,Bi-Monthly,108599,71303,83383,0.5983,4,77,1,0.9284,0,0,0,Current,Current,4,35,,,,,,0,5,51,455330,10
374,LOAN00374,39,627594,23,Married,High School,18,110569,Personal Loan,367337,84,20.98,8375,Average,1,0.8,79,63,2,1342344,1156892,0.86,9,0,1,0,2,240,11,80722,4,147,60,2,,,1,0,,2022-09-16,NPA,95459,Irregular,202870,186687,91777,0.7743,16,28,1,0.4932,4,60,60,31-60 DPD,Current,0,3,,,,,,4,12,6,1465598,24
379,LOAN00379,28,1110357,21,Divorced,High School,10,541369,Home Loan,1605771,48,15.69,45253,Good,1,0.28,20,68,6,999132,404062,0.4,3,0,0,0,0,274,5,645990,0,120,0,0,2000958.244282249,0.8,0,0,,2022-08-25,Active,675783,Bi-Monthly,244291,168041,88584,0.653,3,18,9,0.8197,0,0,0,Current,Current,4,33,Property,Commercial,,Tier-3,Yes,3,5,27,1157388,57
385,LOAN00385,35,433387,25,Single,Graduate,7,767218,Education Loan,788032,36,9.39,25202,Good,0,0.5,58,82,10,134346,105900,0.79,3,0,0,0,0,152,1,634975,0,140,0,0,,,0,0,,2022-09-24,Active,576849,Bi-Monthly,113962,97158,976,0.4097,3,77,5,0.8141,0,0,0,Current,Current,3,47,,,,,,0,5,56,75130,8
386,LOAN00386,36,1331520,16,Married,Graduate,2,158196,Home Loan,679648,48,17.57,19812,Average,0,0.06,69,73,9,2371796,1683428,0.71,1,0,0,0,0,183,2,186824,1,168,0,0,896217.667208765,0.76,0,0,,2022-08-31,Active,192941,Monthly,94609,78375,28337,0.4599,2,37,2,0.9942,0,0,0,Current,Current,4,14,Property,Residential,,Tier-1,No,2,1,47,2330329,51
403,LOAN00403,25,1474592,6,Single,Graduate,11,327832,Home Loan,131969,48,8.38,3245,Average,0,0.28,14,83,6,1044110,713028,0.68,2,1,0,0,0,229,4,307985,1,113,0,0,169734.9471243194,0.78,0,0,,2022-07-04,Active,297327,Monthly,35657,32996,51801,0.4839,1,50,4,0.8667,1,0,0,Current,Current,3,10,Property,Commercial,,Tier-3,Yes,2,3,29,1097944,16
408,LOAN00408,41,937671,3,Divorced,Graduate,0,494075,Home Loan,1239491,36,17.83,44704,Good,1,0.21,22,87,2,371631,313312,0.84,0,1,0,0,0,110,1,573651,0,92,0,0,1459873.827235474,0.85,0,0,,2022-06-07,Active,556431,Monthly,99265,85853,86826,0.2171,0,67,2,0.9425,0,0,0,Current,Current,1,55,Property,Residential,,Tier-2,Yes,6,0,56,339867,33
410,LOAN00410,38,884446,17,Married,Postgraduate,11,74059,Home Loan,1012702,60,20.58,27158,Good,0,0.19,67,63,7,2769067,943724,0.34,3,0,0,0,0,64,1,545706,1,75,0,0,1288522.234071765,0.79,0,0,,2022-07-14,Active,638598,Bi-Monthly,139415,112801,81246,0.1454,2,71,9,0.8935,0,0,0,Current,Current,4,10,Property,Commercial,,Tier-3,Yes,8,4,19,2975501,41
418,LOAN00418,51,1073582,15,Single,Graduate,20,538505,Auto Loan,639661,84,17.35,13201,Good,1,0.23,34,95,14,1469387,1283175,0.87,1,1,0,0,0,277,5,247271,0,115,0,0,727332.855341134,0.88,0,0,,2022-06-17,Active,251607,Irregular,33122,21106,33745,0.4063,3,71,3,0.9373,0,0,0,Current,Current,1,29,Vehicle,,1.0,Tier-2,No,9,5,55,916523,40
421,LOAN00421,64,1244017,15,Married,Postgraduate,4,462570,Business Loan,562374,12,15.27,50830,Good,1,0.42,34,85,0,712790,290092,0.41,0,0,0,0,0,243,1,606878,1,118,0,0,701811.7840675487,0.8,0,0,,2022-06-04,Active,584758,Monthly,30489,27611,41011,0.2674,2,37,4,0.8321,1,0,0,Current,Current,2,28,Property,Commercial,,Tier-1,No,7,1,36,770945,14
431,LOAN00431,46,1536420,2,Married,Graduate,9,539415,Home Loan,702772,48,14.61,19420,Average,1,0.06,44,88,2,1309152,957093,0.73,0,0,0,0,0,218,2,253825,1,128,0,0,850685.3678076834,0.83,0,0,,2022-06-26,Active,243271,Monthly,175670,134632,51378,0.3204,4,76,9,0.9847,0,0,0,Current,Current,3,36,Property,Commercial,,Tier-3,Yes,4,2,29,678221,4
453,LOAN00453,35,380146,10,Single,Graduate,18,309747,Personal Loan,831826,72,21.79,20797,Good,0,0.2,86,82,4,1288773,729372,0.57,3,0,0,0,0,258,4,551724,0,22,0,0,,,0,0,,2022-06-11,Active,548487,Monthly,106689,75503,10105,0.3402,4,31,7,0.9522,1,0,0,Current,Current,2,39,,,,,,2,7,55,1004284,28
464,LOAN00464,50,345161,23,Divorced,High School,8,70372,Business Loan,229014,12,9.41,20071,Good,1,0.44,31,73,4,1920871,1501624,0.78,0,1,0,0,0,135,4,34838,0,154,0,0,320142.6995325659,0.72,0,0,,2022-08-01,Active,31563,Irregular,187434,135317,61551,0.1092,3,2,6,0.8514,0,0,0,Current,Current,4,44,Property,Commercial,,Tier-1,Yes,4,1,38,1857835,29
466,LOAN00466,40,2273384,2,Married,Graduate,24,361193,Home Loan,1202434,72,16.47,26395,Good,1,0.5,11,58,12,1689512,507923,0.3,0,0,0,0,0,168,4,71823,1,99,0,0,1612783.982492685,0.75,0,0,,2022-09-11,Active,70814,Monthly,232262,170372,39317,0.5841,1,49,3,0.8099,1,0,0,Current,Current,0,39,Property,Residential,,Tier-1,No,3,1,18,1228536,19
476,LOAN00476,55,1864924,21,Married,Graduate,15,323484,Home Loan,1317602,84,21.99,30857,Good,0,0.4,40,83,10,1882990,1352476,0.72,1,1,0,0,0,209,1,496618,1,186,0,0,1799637.32432866,0.73,0,0,,2022-09-08,Active,460085,Monthly,205807,109988,58361,0.3471,0,61,6,0.8156,1,0,0,Current,Current,2,40,Property,Residential,,Tier-3,Yes,3,3,54,2149673,59
478,LOAN00478,32,483188,17,Single,Graduate,21,72785,Home Loan,1456188,36,16.81,51779,Good,0,0.28,76,64,7,152163,101375,0.67,0,0,0,0,0,42,1,379323,0,69,0,0,2040140.180433418,0.71,0,0,,2022-07-09,Active,393270,Irregular,162982,120569,37037,0.1547,0,58,0,0.9965,1,0,0,Current,Current,1,47,Property,Residential,,Tier-3,Yes,9,1,18,97420,21
493,LOAN00493,37,386951,17,Divorced,Postgraduate,14,343747,Auto Loan,1155493,84,9.05,18620,Good,1,0.1,71,97,7,2990873,2062079,0.69,1,0,0,0,0,264,4,35760,1,58,0,0,1528817.199977967,0.76,0,0,,2022-06-27,Active,30682,Irregular,43894,40408,98353,0.2515,4,6,3,0.8045,1,0,0,Current,Current,4,51,Vehicle,,5.0,Tier-3,No,9,4,46,2274827,51
515,LOAN00515,47,1447771,9,Divorced,High School,24,559566,Home Loan,1099952,12,17.64,100655,Good,0,0.3,84,69,2,2450084,455318,0.19,2,1,0,0,0,214,4,642076,0,95,0,0,1642775.756023718,0.67,0,0,,2022-08-03,Active,729262,Monthly,46652,28521,52763,0.4477,3,55,1,0.942,0,0,0,Current,Current,2,17,Property,Commercial,,Tier-2,No,6,6,39,2730770,57
521,LOAN00521,62,2275864,4,Married,Graduate,7,776862,Education Loan,1597338,36,8.01,50062,Good,0,0.06,27,96,11,1752885,1557760,0.89,0,0,0,0,0,148,4,525870,1,130,0,0,,,0,0,,2022-09-18,Active,603983,Monthly,201228,136769,99218,0.2051,3,19,2,0.9344,0,0,0,Current,Current,1,7,,,,,,2,1,45,1286336,50
528,LOAN00528,64,651125,12,Single,High School,7,120983,Business Loan,297659,72,20.18,7160,Average,1,0.54,89,31,9,159669,96277,0.6,6,1,0,0,2,165,7,53959,1,153,90,2,407607.6962092202,0.73,1,0,,2022-09-14,NPA,52261,Monthly,144782,118926,91884,0.607,17,51,4,0.583,1,60,90,31-60 DPD,1-30 DPD,0,21,Property,Residential,,Tier-2,Yes,1,6,7,137746,41
538,LOAN00538,35,2113950,7,Married,Postgraduate,0,600104,Personal Loan,334741,12,16.82,30501,Average,0,0.43,72,99,13,462212,135373,0.29,1,1,0,0,0,205,5,252827,1,58,0,0,,,0,0,,2022-06-15,Active,255091,Monthly,162655,121740,52931,0.7506,1,29,0,0.8859,1,0,0,Current,Current,2,51,,,,,,7,4,37,244586,38
552,LOAN00552,59,1174238,27,Single,Postgraduate,13,610413,Personal Loan,805761,48,18.04,23686,Average,1,0.25,51,91,5,2077518,1842979,0.89,3,0,0,0,0,25,2,596128,0,73,0,0,,,0,0,,2022-06-12,Active,701009,Irregular,23679,16087,68264,0.2259,0,68,7,0.9636,0,0,0,Current,Current,2,10,,,,,,5,7,14,1226694,29
559,LOAN00559,32,1562009,24,Single,High School,10,645059,Personal Loan,1277944,24,17.98,63787,Average,0,0.28,74,57,7,2054869,559747,0.27,1,0,0,0,0,26,2,320499,0,117,0,0,,,0,0,,2022-08-07,Active,376537,Monthly,63960,47712,98984,0.2223,0,56,0,0.8029,1,0,0,Current,Current,2,39,,,,,,2,3,46,2248370,57
565,LOAN00565,42,1128817,13,Married,Graduate,18,519077,Business Loan,1274964,84,14.95,24566,Good,1,0.07,40,69,2,2385295,858338,0.36,0,1,0,0,0,183,5,672590,0,67,0,0,1369642.901366432,0.93,0,0,,2022-07-04,Active,713997,Monthly,221142,171440,17671,0.4304,1,11,4,0.9263,1,0,0,Current,Current,0,22,Property,Commercial,,Tier-1,Yes,7,0,53,2429407,11
570,LOAN00570,24,1919212,22,Divorced,Graduate,10,154072,Business Loan,613181,48,21.27,19076,Average,0,0.26,13,80,1,279526,186813,0.67,2,0,0,0,0,280,5,79572,1,51,0,0,620399.4023860337,0.99,0,0,,2022-09-21,Active,77363,Monthly,46855,43212,13945,0.3681,2,51,2,0.8706,0,0,0,Current,Current,1,43,Property,Residential,,Tier-3,Yes,4,2,19,284473,8
577,LOAN00577,47,1113057,8,Divorced,Postgraduate,16,105429,Home Loan,1308726,48,11.6,34207,Good,1,0.47,88,83,6,1576846,1049287,0.67,2,0,0,0,0,209,2,337127,1,176,0,0,1335783.431246746,0.98,0,0,,2022-06-03,Active,355053,Irregular,55166,28212,18090,0.4817,3,20,8,0.8325,0,0,0,Current,Current,3,3,Property,Commercial,,Tier-2,Yes,6,4,36,1604227,42
598,LOAN00598,26,465773,2,Single,High School,3,166223,Personal Loan,1204405,48,16.46,34417,Average,1,0.53,12,74,7,754823,265347,0.35,0,0,0,0,0,90,3,576799,1,119,0,0,,,0,0,,2022-07-26,Active,581250,Monthly,152705,137396,90694,0.696,4,38,6,0.9486,1,0,0,Current,Current,3,53,,,,,,6,2,48,671464,34
599,LOAN00599,39,495643,23,Single,Graduate,16,38064,Home Loan,483455,24,15.46,23546,Good,1,0.21,99,61,1,2863061,1269447,0.44,0,1,0,0,0,275,2,116283,1,54,0,0,692245.8369244871,0.7,0,0,,2022-06-05,Active,129241,Irregular,50074,39526,96688,0.4542,4,0,5,0.911,0,0,0,Current,Current,4,4,Property,Residential,,Tier-3,Yes,1,2,21,3415618,21
621,LOAN00621,28,630285,13,Single,High School,20,145332,Auto Loan,313455,60,10.92,6802,Good,1,0.25,98,94,10,2421091,490636,0.2,0,0,0,0,0,58,2,641099,1,79,0,0,386616.4132862516,0.81,0,0,,2022-08-01,Active,664681,Monthly,64532,37720,75265,0.1105,1,45,5,0.9519,1,0,0,Current,Current,2,58,Vehicle,,1.0,Tier-1,Yes,1,0,51,2453137,52
630,LOAN00630,46,546774,12,Single,Postgraduate,12,316441,Home Loan,980592,36,10.82,32019,Good,1,0.16,92,79,11,850249,279749,0.33,1,1,0,0,0,213,5,616809,1,159,0,0,1083861.531231615,0.9,0,0,,2022-08-20,Active,639800,Bi-Monthly,125929,77844,56177,0.109,0,48,6,0.8221,1,0,0,Current,Current,4,13,Property,Residential,,Tier-1,No,5,2,22,666011,40
655,LOAN00655,49,2218629,8,Single,High School,6,584065,Business Loan,149499,12,12.98,13351,Good,0,0.16,90,96,1,209559,86756,0.41,3,0,0,0,0,95,1,568375,0,115,0,0,161014.3907500469,0.93,0,0,,2022-09-02,Active,605740,Bi-Monthly,242278,208360,50530,0.7773,3,3,3,0.9811,0,0,0,Current,Current,1,8,Property,Commercial,,Tier-3,No,6,7,33,236335,40
657,LOAN00657,59,1624662,12,Single,High School,18,672395,Education Loan,723657,84,16.01,14377,Average,1,0.37,99,90,13,258553,173433,0.67,3,0,0,0,0,268,5,541088,1,122,0,0,,,0,0,,2022-08-28,Active,517556,Monthly,113532,97065,18466,0.3732,3,5,6,0.8808,0,0,0,Current,Current,4,48,,,,,,4,3,43,157755,15
664,LOAN00664,37,524205,5,Married,Postgraduate,20,90976,Home Loan,1766882,60,15.63,42620,Poor,5,0.76,98,14,7,154857,45424,0.29,6,4,1,2,2,9,4,67897,8,181,90,6,2373642.47344229,0.74,1,1,2022-08-16,2022-07-26,Default,59290,Bi-Monthly,21151,15341,77217,0.486,18,40,0,0.2776,9,90,90,90+ DPD,90+ DPD,0,32,Property,Residential,,Tier-3,No,1,9,15,156237,8
670,LOAN00670,42,549748,14,Married,High School,6,484133,Business Loan,1483107,48,12.71,39574,Good,0,0.3,57,92,10,2306267,789352,0.34,0,0,0,0,0,170,3,515882,1,79,0,0,1648535.058614832,0.9,0,0,,2022-06-24,Active,484526,Monthly,27103,21631,26920,0.6496,2,63,4,0.8143,0,0,0,Current,Current,1,8,Property,Commercial,,Tier-2,Yes,4,2,52,2081826,46
671,LOAN00671,63,403950,16,Married,Graduate,5,154075,Personal Loan,1880891,12,16.42,171028,Good,1,0.14,70,61,5,1081865,502789,0.46,2,0,0,0,0,216,1,380973,0,130,0,0,,,0,0,,2022-09-03,Active,381799,Monthly,236321,162891,88996,0.1439,0,68,2,0.827,1,0,0,Current,Current,2,32,,,,,,6,3,42,552063,18
672,LOAN00672,50,950073,9,Married,Graduate,1,284658,Education Loan,1487796,24,19.09,75062,Good,1,0.37,38,56,3,2795529,2074340,0.74,1,1,0,0,0,192,1,42618,1,47,0,0,,,0,0,,2022-07-20,Active,40424,Bi-Monthly,134115,85088,81979,0.6365,0,11,2,0.875,1,0,0,Current,Current,0,44,,,,,,5,4,46,2681211,46
681,LOAN00681,22,440083,3,Divorced,Graduate,23,131819,Auto Loan,1293566,24,20.75,66311,Poor,4,0.78,19,22,5,2362610,1401684,0.59,6,4,3,1,2,122,2,12837,5,124,90,5,1456740.748936102,0.89,1,1,2022-12-27,2022-06-30,Default,11152,Monthly,148578,134020,69692,0.7153,5,27,6,0.3441,9,90,90,90+ DPD,61-90 DPD,3,13,Vehicle,,7.0,Tier-2,Yes,8,6,19,1294909,11
706,LOAN00706,28,1821847,9,Single,Graduate,15,548568,Auto Loan,1462073,24,21.16,75244,Good,0,0.09,78,56,5,2586056,1587418,0.61,3,1,0,0,0,169,0,126038,1,151,0,0,1837427.380269041,0.8,0,0,,2022-08-12,Active,138769,Monthly,199219,111855,88285,0.6074,2,49,8,0.9889,0,0,0,Current,Current,0,57,Vehicle,,8.0,Tier-3,Yes,0,7,38,2636418,44
708,LOAN00708,33,1329278,12,Single,Postgraduate,18,425752,Business Loan,1694940,72,9.29,30796,Good,0,0.14,12,97,8,2950757,894396,0.3,2,0,0,0,0,131,0,340898,1,159,0,0,2442165.891662174,0.69,0,0,,2022-06-26,Active,356243,Monthly,87266,82404,95423,0.4831,3,32,9,0.8492,1,0,0,Current,Current,4,27,Property,Commercial,,Tier-3,Yes,9,2,14,2251944,55
712,LOAN00712,43,747764,20,Single,Graduate,9,781678,Business Loan,1330349,72,14.7,27913,Good,1,0.52,53,57,12,1195711,658504,0.55,1,0,0,0,0,122,0,516638,0,178,0,0,1513188.822342423,0.88,0,0,,2022-08-03,Active,584275,Bi-Monthly,145217,90353,40063,0.1109,0,44,4,0.8961,1,0,0,Current,Current,1,56,Property,Residential,,Tier-1,Yes,5,2,17,874167,43
714,LOAN00714,29,1458838,8,Single,Graduate,12,252368,Auto Loan,607403,12,11.23,53748,Average,1,0.18,89,63,1,2187075,1720368,0.79,0,1,0,0,0,32,3,203195,1,139,0,0,812655.3127778653,0.75,0,0,,2022-08-18,Active,217322,Monthly,157091,89667,79248,0.7479,3,54,4,0.853,1,0,0,Current,Current,4,26,Vehicle,,5.0,Tier-3,Yes,9,4,52,1425968,18
717,LOAN00717,25,954306,1,Married,Graduate,4,575809,Personal Loan,1636053,60,12.23,36583,Good,0,0.23,24,69,9,693847,275993,0.4,3,0,0,0,0,113,1,440107,0,92,0,0,,,0,0,,2022-07-18,Active,380453,Monthly,233664,198121,14936,0.6688,4,22,8,0.8425,1,0,0,Current,Current,0,32,,,,,,4,7,39,457726,54
736,LOAN00736,38,2448770,7,Divorced,Postgraduate,3,742528,Auto Loan,188133,12,10.64,16595,Average,1,0.13,43,64,3,2202741,835113,0.38,2,0,0,0,0,213,1,572059,1,92,0,0,254378.4788419309,0.74,0,0,,2022-07-31,Active,555980,Bi-Monthly,24270,16480,76338,0.5271,0,79,6,0.9876,0,0,0,Current,Current,1,24,Vehicle,,2.0,Tier-2,No,3,4,22,1914476,36
737,LOAN00737,44,1460799,25,Divorced,Graduate,23,688321,Business Loan,1341614,84,9.66,22037,Average,0,0.52,29,90,5,2057734,861070,0.42,0,0,0,0,0,23,1,151410,1,195,0,0,1402711.038933597,0.96,0,0,,2022-08-23,Active,156187,Bi-Monthly,87389,62163,57732,0.6403,2,44,5,0.9618,1,0,0,Current,Current,4,6,Property,Commercial,,Tier-1,Yes,6,3,20,1574249,9
747,LOAN00747,41,1983706,4,Married,High School,19,531535,Auto Loan,898236,24,15.2,43637,Good,0,0.1,17,69,13,2723465,1800277,0.66,2,1,0,0,0,238,4,505470,1,158,0,0,913668.8660136394,0.98,0,0,,2022-08-15,Active,525360,Monthly,111183,76170,45132,0.7452,1,62,5,0.915,0,0,0,Current,Current,4,56,Vehicle,,4.0,Tier-2,Yes,6,3,36,2638719,11
748,LOAN00748,58,2143265,3,Married,Graduate,0,529773,Personal Loan,980955,60,11.54,21593,Good,0,0.15,35,88,10,2063793,509931,0.25,2,0,0,0,0,261,2,37318,0,85,0,0,,,0,0,,2022-09-14,Active,44453,Bi-Monthly,81830,58545,64093,0.3169,2,57,8,0.952,1,0,0,Current,Current,3,25,,,,,,3,2,52,1142801,17
761,LOAN00761,40,1966168,20,Married,Graduate,15,482070,Business Loan,1952042,84,12.31,34783,Good,0,0.35,24,69,11,1130902,463007,0.41,0,1,0,0,0,160,0,187391,0,167,0,0,1966729.922045884,0.99,0,0,,2022-09-15,Active,174779,Monthly,231370,183784,89447,0.3297,3,69,2,0.9833,0,0,0,Current,Current,2,33,Property,Residential,,Tier-3,No,5,0,38,1016866,13
776,LOAN00776,37,719195,21,Married,Graduate,11,331214,Home Loan,1775721,48,11.7,46500,Good,1,0.21,25,70,5,1120001,634212,0.57,3,0,0,0,0,258,5,643537,1,137,0,0,2284766.488579824,0.78,0,0,,2022-07-02,Active,632281,Bi-Monthly,119228,75313,32298,0.5997,3,33,9,0.8996,1,0,0,Current,Current,0,26,Property,Commercial,,Tier-3,Yes,8,3,38,955781,41
779,LOAN00779,62,1261681,7,Divorced,Postgraduate,23,751275,Personal Loan,228912,24,13.96,10986,Good,1,0.34,75,61,5,819652,327766,0.4,2,1,0,0,0,78,5,459006,0,194,0,0,,,0,0,,2022-08-23,Active,486655,Monthly,242993,195346,58486,0.4972,1,7,9,0.8727,0,0,0,Current,Current,3,39,,,,,,2,3,55,779241,58
794,LOAN00794,37,433390,3,Married,Graduate,6,147469,Personal Loan,1716582,72,10.74,32445,Poor,5,0.62,72,38,2,2870968,1503575,0.52,8,3,2,1,3,60,3,88994,7,98,90,7,,,1,1,2023-12-27,2022-08-08,Default,91277,Monthly,87461,63770,8213,0.1448,10,36,3,0.3114,10,60,90,90+ DPD,61-90 DPD,0,57,,,,,,1,11,8,3247354,22
801,LOAN00801,29,1587420,26,Married,High School,11,637957,Home Loan,1791680,48,10.38,45769,Good,0,0.13,78,70,13,2373219,1444490,0.61,0,1,0,0,0,80,4,637987,1,184,0,0,2598291.993781559,0.69,0,0,,2022-08-12,Active,764237,Monthly,176003,144070,46315,0.6648,4,29,0,0.9869,1,0,0,Current,Current,0,3,Property,Residential,,Tier-2,Yes,3,2,53,2222512,36
802,LOAN00802,43,1059614,27,Single,Graduate,1,789524,Personal Loan,1968469,48,14.65,54435,Good,0,0.34,27,86,8,78479,61359,0.78,3,1,0,0,0,224,0,345988,0,84,0,0,,,0,0,,2022-07-20,Active,334305,Monthly,223904,159501,82618,0.4859,3,26,3,0.9919,1,0,0,Current,Current,4,39,,,,,,2,6,32,47519,51
811,LOAN00811,36,738836,15,Married,Graduate,23,167535,Auto Loan,1462160,84,11.89,25725,Poor,7,0.67,48,8,14,2046239,296409,0.14,3,1,1,2,3,89,6,76932,3,127,90,4,2013204.622990833,0.73,1,1,2022-12-07,2022-09-14,Default,64934,Monthly,87205,72606,54400,0.5769,29,71,8,0.1083,7,90,90,90+ DPD,61-90 DPD,0,18,Vehicle,,7.0,Tier-1,Yes,9,7,7,2034133,8
823,LOAN00823,54,2220571,23,Single,Graduate,17,737001,Auto Loan,777905,48,13.89,21214,Average,1,0.52,77,91,7,497848,362038,0.73,2,1,0,0,0,72,1,135227,0,55,0,0,1034406.852066984,0.75,0,0,,2022-09-17,Active,123132,Monthly,161420,135158,35686,0.5565,1,79,7,0.9266,0,0,0,Current,Current,4,23,Vehicle,,3.0,Tier-1,No,2,2,37,445019,30
844,LOAN00844,54,2142072,5,Married,High School,16,198722,Auto Loan,1793145,84,21.19,41113,Good,1,0.33,29,77,2,2201817,1051758,0.48,0,0,0,0,0,175,0,433499,1,192,0,0,2451864.666331475,0.73,0,0,,2022-07-24,Active,507273,Monthly,28903,19588,30184,0.4791,1,59,5,0.8647,1,0,0,Current,Current,1,26,Vehicle,,1.0,Tier-2,No,3,0,49,2632995,29
854,LOAN00854,62,2022096,5,Married,Postgraduate,23,419507,Education Loan,1439537,12,18.0,131976,Good,0,0.39,42,90,5,2088400,557812,0.27,2,1,0,0,0,208,5,289877,0,130,0,0,,,0,0,,2022-08-19,Active,245079,Monthly,109093,79087,62799,0.6589,4,75,6,0.9484,0,0,0,Current,Current,2,47,,,,,,7,4,59,2083011,57
857,LOAN00857,64,724655,21,Married,Postgraduate,11,370448,Business Loan,473840,24,8.79,21601,Good,1,0.17,88,82,14,2608036,1551874,0.6,2,0,0,0,0,209,2,66460,1,177,0,0,515356.4019710302,0.92,0,0,,2022-09-10,Active,72793,Monthly,87989,73225,1757,0.3888,3,4,9,0.973,1,0,0,Current,Current,2,39,Property,Commercial,,Tier-3,Yes,5,2,49,1978077,7
882,LOAN00882,52,2282781,18,Married,Graduate,12,285650,Home Loan,1871000,24,16.33,91905,Average,0,0.38,95,73,13,2581734,1333198,0.52,1,1,0,0,0,50,2,264445,0,66,0,0,2344088.093642768,0.8,0,0,,2022-07-04,Active,259853,Bi-Monthly,111579,101338,64895,0.786,2,41,4,0.8859,1,0,0,Current,Current,4,37,Property,Commercial,,Tier-1,Yes,8,5,46,2334484,5
883,LOAN00883,23,2410011,23,Married,Postgraduate,7,181479,Education Loan,343089,84,16.77,6965,Average,0,0.51,28,88,0,1661696,288205,0.17,0,1,0,0,0,159,1,95150,1,148,0,0,,,0,0,,2022-06-02,Active,102787,Monthly,157811,124027,66778,0.1726,0,8,0,0.9256,0,0,0,Current,Current,0,46,,,,,,2,0,14,1363975,31
892,LOAN00892,41,1727301,1,Single,High School,8,510280,Personal Loan,390544,60,14.85,9260,Average,0,0.52,93,76,3,2318064,1505041,0.65,0,0,0,0,0,67,0,472628,1,188,0,0,,,0,0,,2022-09-23,Active,458050,Monthly,20881,12997,46549,0.4531,3,69,0,0.8661,0,0,0,Current,Current,0,12,,,,,,0,4,32,2091509,11
895,LOAN00895,58,1514956,19,Single,Graduate,24,144428,Personal Loan,1496391,36,20.76,56192,Average,0,0.5,96,96,9,1450287,201367,0.14,3,0,0,0,0,26,2,331581,0,81,0,0,,,0,0,,2022-08-12,Active,352606,Irregular,78794,53647,94361,0.7989,3,74,6,0.8256,1,0,0,Current,Current,2,45,,,,,,0,6,52,819042,40
896,LOAN00896,54,1713349,3,Divorced,Postgraduate,7,131839,Personal Loan,1101770,72,21.73,27506,Average,0,0.22,94,68,12,2117205,1317850,0.62,1,1,0,0,0,89,1,113291,1,45,0,0,,,0,0,,2022-09-23,Active,134874,Bi-Monthly,209392,155232,72392,0.4868,1,76,5,0.8451,1,0,0,Current,Current,4,4,,,,,,5,5,35,2385481,11
897,LOAN00897,48,765830,6,Single,Graduate,7,733175,Home Loan,843631,48,10.82,21730,Average,0,0.31,40,90,8,1398589,892567,0.64,3,1,0,0,0,92,2,42303,0,30,0,0,1174144.487122772,0.72,0,0,,2022-08-02,Active,45614,Bi-Monthly,192725,107818,54881,0.155,2,19,6,0.8799,1,0,0,Current,Current,2,12,Property,Commercial,,Tier-2,Yes,6,4,59,1180494,46
909,LOAN00909,39,2124131,22,Single,Graduate,15,487015,Personal Loan,1104291,48,9.88,27944,Good,1,0.23,17,80,5,879793,109876,0.12,3,0,0,0,0,120,5,314636,0,22,0,0,,,0,0,,2022-07-18,Active,323797,Monthly,206771,108484,11345,0.4241,2,74,6,0.8555,0,0,0,Current,Current,4,56,,,,,,1,6,13,831334,45
915,LOAN00915,53,2368773,17,Single,High School,4,464064,Auto Loan,1641984,84,14.92,31611,Good,1,0.46,80,84,13,2765380,773416,0.28,1,1,0,0,0,207,5,615954,1,114,0,0,2388012.849920057,0.69,0,0,,2022-09-19,Active,620893,Bi-Monthly,78999,41780,67139,0.4547,0,53,9,0.8308,1,0,0,Current,Current,3,54,Vehicle,,3.0,Tier-1,Yes,7,2,45,3260280,15
939,LOAN00939,27,1506950,9,Divorced,Postgraduate,3,449378,Home Loan,151177,36,14.44,5199,Good,0,0.23,73,71,9,585788,327856,0.56,1,1,0,0,0,11,1,327928,0,129,0,0,157552.3660083568,0.96,0,0,,2022-08-25,Active,291737,Monthly,244330,196798,22015,0.653,4,6,2,0.904,0,0,0,Current,Current,4,27,Property,Residential,,Tier-2,No,6,2,59,355465,57
940,LOAN00940,33,2488632,13,Divorced,High School,15,40959,Personal Loan,166098,60,13.28,3803,Average,0,0.5,42,92,12,2899022,1299623,0.45,0,0,0,0,0,230,2,97346,1,169,0,0,,,0,0,,2022-08-07,Active,98737,Irregular,236225,220829,35201,0.6888,0,59,2,0.9943,1,0,0,Current,Current,2,11,,,,,,6,0,36,3334490,26
941,LOAN00941,29,773288,7,Divorced,High School,14,102424,Auto Loan,1151409,12,14.58,103696,Good,0,0.4,99,92,8,706908,373658,0.53,1,0,0,0,0,194,1,441481,1,67,0,0,1351273.11458083,0.85,0,0,,2022-09-21,Active,454079,Bi-Monthly,21304,15289,34346,0.7416,2,8,4,0.9652,1,0,0,Current,Current,0,40,Vehicle,,2.0,Tier-2,Yes,3,5,33,753345,12
947,LOAN00947,59,1109805,14,Single,High School,10,774756,Personal Loan,740818,48,12.62,19734,Good,1,0.41,95,82,2,2000166,1044814,0.52,0,1,0,0,0,12,0,294262,1,68,0,0,,,0,0,,2022-08-02,Active,317783,Irregular,235716,203497,19970,0.1138,3,39,4,0.9662,1,0,0,Current,Current,0,55,,,,,,9,2,49,1294144,3
948,LOAN00948,53,1997368,3,Married,Graduate,11,403027,Home Loan,1859722,84,18.91,40085,Average,1,0.2,32,82,14,1803837,1402852,0.78,1,1,0,0,0,146,5,525869,0,166,0,0,2620877.309470691,0.71,0,0,,2022-07-27,Active,615740,Monthly,134180,119275,94329,0.4922,2,72,6,0.926,1,0,0,Current,Current,1,10,Property,Residential,,Tier-2,Yes,7,5,56,1744116,57
954,LOAN00954,54,2417937,11,Single,High School,23,48969,Home Loan,615352,60,11.53,13542,Average,0,0.55,35,92,8,2667742,789479,0.3,2,1,0,0,0,239,1,262346,1,189,0,0,689513.9995542018,0.89,0,0,,2022-08-19,Active,277372,Bi-Monthly,70461,48979,1693,0.7707,1,18,9,0.8324,1,0,0,Current,Current,3,33,Property,Commercial,,Tier-2,Yes,3,6,53,2828550,14
968,LOAN00968,57,1458534,11,Married,Graduate,20,779294,Personal Loan,966216,60,18.12,24598,Good,0,0.33,78,79,14,1054103,441853,0.42,0,1,0,0,0,211,4,263548,1,143,0,0,,,0,0,,2022-07-06,Active,224565,Bi-Monthly,30521,23633,95649,0.5852,4,65,9,0.9727,0,0,0,Current,Current,0,39,,,,,,5,4,40,967969,33
974,LOAN00974,31,684096,21,Divorced,Graduate,11,653970,Personal Loan,441382,60,21.71,12117,Average,0,0.11,72,67,4,1881374,214685,0.11,2,1,0,0,0,220,2,609798,0,183,0,0,,,0,0,,2022-08-24,Active,639141,Monthly,32072,23958,97018,0.1021,3,6,3,0.8912,0,0,0,Current,Current,2,44,,,,,,1,3,16,1403188,49
980,LOAN00980,30,2075422,17,Divorced,High School,18,132382,Auto Loan,520210,24,10.83,24204,Average,0,0.19,12,59,9,1118367,362448,0.32,2,0,0,0,0,275,5,439840,0,130,0,0,669086.3834053703,0.78,0,0,,2022-07-25,Active,422889,Monthly,79140,41191,62659,0.7237,2,2,4,0.8996,0,0,0,Current,Current,2,10,Vehicle,,7.0,Tier-3,No,0,3,32,1308866,22
984,LOAN00984,33,300001,7,Married,Graduate,16,465973,Personal Loan,136418,60,16.59,3360,Good,0,0.52,55,58,10,1055578,333223,0.32,2,0,0,0,0,287,1,425121,0,152,0,0,,,0,0,,2022-08-10,Active,349000,Bi-Monthly,171429,99000,78357,0.4145,2,39,0,0.8203,1,0,0,Current,Current,1,57,,,,,,2,2,59,589212,13
989,LOAN00989,28,849617,13,Single,Postgraduate,14,779859,Personal Loan,540847,84,15.08,10460,Good,1,0.34,34,70,4,1371518,296885,0.22,0,1,0,0,0,151,3,552057,1,135,0,0,,,0,0,,2022-08-22,Active,507720,Monthly,139773,96432,36098,0.2603,0,70,8,0.9534,0,0,0,Current,Current,2,53,,,,,,5,0,26,1102465,56
1000,LOAN01000,29,2363141,23,Married,Postgraduate,3,596287,Home Loan,1021771,60,14.47,24024,Good,1,0.4,64,61,8,2532767,1526505,0.6,3,1,0,0,0,16,5,65957,0,152,0,0,1185140.758218227,0.86,0,0,,2022-07-08,Active,53088,Monthly,136122,105223,45129,0.1965,0,24,4,0.9169,1,0,0,Current,Current,4,28,Property,Residential,,Tier-2,No,2,5,13,2335574,39
