Customer_ID,Loan_ID,Age,Income_INR,Employment_Years,Marital_Status,Education_Level,Credit_History_Length,Savings_Account_Balance,Loan_Type,Loan_Amount,Loan_Tenure_Months,Interest_Rate_Pct,EMI_Amount,Pay_History,Delinquency_12M,Credit_Card_Utilization,Behavior_Spending_Score,Behavior_Repayment_Score,No_of_Open_Accounts,Total_Credit_Limit,Total_Current_Balance,Credit_Utilization_Ratio,No_of_Inquiries_6M,DPD_30,DPD_60,DPD_90,Worst_Current_Status,Oldest_Trade_Open_Months,Outstanding_Loans,Avg_Balance_6M,Bounce_Count_6M,Transaction_Count_3M,Max_DPD_12M,Missed_Payment_Count,NPA_Flag,Default,Default_Date,Disbursal_Date,Loan_Status,Avg_Balance_3M,Salary_Credit_Frequency,Avg_Monthly_Salary_Credit,Monthly_Spend,Cash_Withdrawal_3M,Merchant_Spend_Pct,Negative_Balance_Days,UPI_Txn_Count_3M,ECS_Mandate_Count,Paid_On_Time_Pct,Late_Payment_Count_12M,Max_DPD_3M,Max_DPD_6M,Current_DPD_Bucket,Prev_DPD_Bucket,Prepayment_Count,Total_EMI_Paid,No_of_Closed_Accounts,No_of_Inquiries_12M,Months_Since_Most_Recent_Delinquency,Max_Credit_Exposure,Newest_Trade_Open_Months
1,LOAN00001,31,1039828.0,8,Divorced,Postgraduate,6,559903.0,Personal Loan,631957.0,36,19.92,23460.0,Good,1,0.2,45,55,2,2129852.0,933596,0.44,3,1,0,0,0,247,3,646676,1,150,0,0,0,0,,2022-08-24,Active,563687.0,Irregular,170847.0,114138.0,14662.0,0.4687,3,9,2,0.8607,0.0,0,0,Current,Current,2,26,5,3,34,1756241.0,56
7,LOAN00007,33,1295517.0,19,Married,High School,13,728921.0,Auto Loan,1695761.0,36,20.2,63193.0,Good,0,0.07,63,86,5,526966.0,296012,0.56,2,1,0,0,0,163,5,265182,0,135,0,0,0,0,,2022-07-05,Active,311822.0,Monthly,36788.0,33605.0,1126.0,0.10745199999999999,2,78,7,0.9307,1.0,0,0,Current,Current,2,38,9,6,47,446694.0,6
9,LOAN00009,27,2153840.0,28,Single,Graduate,3,568383.0,Business Loan,249235.0,48,14.52,6875.0,Average,0,0.12,68,67,6,2100126.0,779115,0.37,2,1,0,0,0,210,1,178181,1,118,0,0,0,0,,2022-06-30,Active,142664.0,Bi-Monthly,100619.0,73167.0,68948.0,0.4618,4,44,9,0.9081,1.0,0,0,Current,Current,0,14,0,5,15,2314632.0,41
24,LOAN00024,46,2467781.0,18,Married,High School,18,141869.0,Business Loan,997168.0,84,14.35,18880.0,Average,0,0.16,42,90,10,2189523.0,1965310,0.9,0,0,0,0,0,96,5,139697,1,69,0,0,0,0,,2022-08-02,Active,166838.0,Bi-Monthly,176200.0,109947.0,80665.0,0.2742,0,59,5,0.8608,0.0,0,0,Current,Current,2,56,9,4,52,1562812.0,40
33,LOAN00033,63,2346232.0,11,Married,Graduate,12,142144.0,Personal Loan,1411629.0,72,21.24,34834.0,Good,0,0.29,83,68,5,1822703.0,1248394,0.68,0,0,0,0,0,191,5,61586,0,44,0,0,0,0,,2022-09-03,Active,69773.0,Monthly,170035.0,121487.0,44582.0,0.7715,1,71,9,0.865,0.0,0,0,Current,Current,3,13,7,3,21,1043984.0,52
41,LOAN00041,38,1409999.0,29,Divorced,High School,12,782851.83,Home Loan,1806850.0,60,19.32,47189.0,Good,1,0.51,10,62,10,1488027.0,1155867,0.78,3,0,0,0,0,77,0,475705,0,61,0,0,0,0,,2022-08-14,Active,516069.0,Bi-Monthly,134996.0,117772.0,66573.0,0.1423,0,24,7,0.9089,1.0,0,0,Current,Current,0,16,2,6,51,1285686.0,58
58,LOAN00058,40,650854.0,27,Married,Graduate,2,142898.0,Auto Loan,887275.0,36,8.1423,27808.0,Poor,1,0.79,15,37,6,1828556.0,959900,0.52,7,1,0,0,1,131,4,20032,3,40,60,2,1,0,,2022-08-05,NPA,18444.0,Monthly,180888.0,113998.0,72115.0,0.3087,18,26,6,0.4188,4.0,60,60,31-60 DPD,1-30 DPD,1,15,8,8,6,1791283.0,31
59,LOAN00059,48,963081.0,3,Single,Postgraduate,8,782851.83,Home Loan,1940933.0,12,18.74,168500.60999999996,Average,0,0.42,62,92,9,2735270.0,2097212,0.77,0,0,0,0,0,184,0,130185,1,146,0,0,0,0,,2022-08-17,Active,131867.0,Monthly,50823.0,26136.0,13882.0,0.6187,0,30,1,0.8275,0.0,0,0,Current,Current,3,39,2,3,32,2331375.0,50
75,LOAN00075,54,374016.0,10,Single,Postgraduate,19,29143.0,Home Loan,119623.13,72,12.87,3122.48,Poor,7,0.97,19,15,12,233091.0,47038,0.2,9,2,3,1,2,54,7,17409,4,109,90,2,1,1,2023-05-23,2022-09-12,Default,17062.0,Bi-Monthly,155541.0,87289.0,6013.0,0.5905,22,5,8,0.2148,10.769999999999982,60,60,90+ DPD,61-90 DPD,3,3,2,11,2,154074.0,16
88,LOAN00088,34,884807.0,25,Single,Postgraduate,11,701518.0,Personal Loan,683971.0,48,14.8,18966.0,Good,0,0.33,37,99,8,2437242.0,1874302,0.77,1,0,0,0,0,35,0,83985,0,102,0,0,0,0,,2022-08-14,Active,83730.0,Monthly,126230.0,85883.0,49420.0,0.7663,0,55,0,0.8609,1.0,0,0,Current,Current,4,40,9,4,38,2873958.0,29
101,LOAN00101,28,824626.0,28,Single,High School,21,746612.0,Business Loan,848687.0,12,15.12,76649.0,Good,1,0.35,69,98,7,1127097.0,440336,0.39,2,1,0,0,0,286,0,679064,1,194,0,0,0,0,,2022-08-21,Active,653575.0,Monthly,170541.0,150262.0,95459.0,0.7634,4,54,0,0.9885,1.0,0,0,Current,Current,1,36,4,5,15,834955.0,55
128,LOAN00128,59,1288659.0,9,Single,Postgraduate,8,149407.0,Personal Loan,414865.0,12,17.08,37853.0,Average,0,0.41,72,78,5,2148592.0,464302,0.22,0,1,0,0,0,121,1,97744,1,143,0,0,0,0,,2022-08-10,Active,99439.0,Monthly,76721.0,61275.0,95564.0,0.5095,3,5,4,0.9574,1.0,0,0,Current,Current,2,6,9,1,19,2192275.0,22
152,LOAN00152,43,1220052.0,4,Divorced,Postgraduate,14,51799.0,Business Loan,480532.0,84,15.13,9307.0,Average,0,0.38,67,62,1,399406.0,209624,0.52,2,1,0,0,0,121,1,346123,0,150,0,0,0,0,,2022-09-22,Active,343018.0,Bi-Monthly,52951.0,48187.0,989.4300000000001,0.4506,4,65,0,0.8548,0.0,0,0,Current,Current,1,15,6,2,34,248854.0,4
154,LOAN00154,31,2456478.0,21,Married,Graduate,16,342367.0,Auto Loan,1975030.74,84,15.95,39292.0,Good,1,0.06,69,90,9,1435776.0,866658,0.6,3,0,0,0,0,35,3,289974,0,27,0,0,0,0,,2022-09-12,Active,319392.0,Irregular,156994.0,78642.0,55658.0,0.3522,1,72,9,0.972,0.0,0,0,Current,Current,2,31,5,4,15,1074317.0,24
155,LOAN00155,43,1045817.0,16,Divorced,Graduate,10,347112.0,Personal Loan,1319445.0,36,17.42,47318.0,Average,0,0.15,50,69,6,1328223.0,546109,0.41,0,0,0,0,0,54,1,605313,0,130,0,0,0,0,,2022-08-31,Active,510807.0,Monthly,131881.0,120875.0,8149.0,0.2591,2,16,5,0.8337,1.0,0,0,Current,Current,1,45,3,3,37,1298019.0,45
176,LOAN00176,28,308035.0,18,Married,Postgraduate,5,157295.0,Auto Loan,1860157.0,48,15.38,52128.0,Poor,6,0.65,16,30,7,1514819.0,853897,0.56,7,4,1,1,3,234,3,20730,7,140,90,7,1,1,2023-01-15,2022-09-20,Default,19658.0,Monthly,150373.0,102601.0,9244.0,0.2558,23,11,9,0.2329,5.0,60,90,90+ DPD,61-90 DPD,0,5,2,7,9,1138922.0,37
177,LOAN00177,39,2002666.0,6,Married,Graduate,0,54468.0,Personal Loan,1434654.0,24,9.67,65983.0,Average,1,0.32,32,63,2,2437113.0,338048,0.14,0,0,0,0,0,39,1,418959,0,68,0,0,0,0,,2022-08-17,Active,489815.0,Bi-Monthly,48643.0,39250.0,91659.0,0.3795,2,45,0,0.9349,1.0,0,0,Current,Current,1,29,9,4,21,2237983.0,16
178,LOAN00178,30,449608.0,7,Single,High School,21,360970.0,Personal Loan,720445.0,24,14.88,34890.0,Good,0,0.11,12,94,5,216956.0,83153,0.38,3,0,0,0,0,112,5,513847,1,30,0,0,0,0,,2022-07-08,Active,587865.0,Monthly,109376.0,70496.0,83937.0,0.4788,2,7,1,0.8429,1.0,0,0,Current,Current,0,51,6,6,34,174910.0,46
182,LOAN00182,54,1353637.0,21,Single,High School,17,147935.0,Home Loan,1337631.0,60,11.72,29565.0,Average,0,0.16,22,95,10,1109249.0,788286,0.71,0,0,0,0,0,246,4,145356,1,157,0,0,0,0,,2022-08-14,Active,169678.0,Bi-Monthly,210101.0,185965.0,98310.0,0.4634,2,34,5,0.9327,1.0,0,0,Current,Current,1,1,4,0,49,1098664.0,21
184,LOAN00184,35,673629.0,24,Single,Postgraduate,0,253044.0,Home Loan,1446579.0,36,20.7,54277.0,Good,1,0.42,52,96,4,2174613.0,1758979,0.81,0,0,0,0,0,30,4,417281,1,127,0,0,0,0,,2022-06-14,Active,380110.0,Monthly,74009.0,40196.0,37851.0,0.6084,0,37,9,0.9871,1.0,0,0,Current,Current,2,15,9,4,13,2189112.0,47
220,LOAN00220,58,2173944.0,22,Single,Postgraduate,1,224607.0,Home Loan,575896.0,12,12.22,51226.0,Good,0,0.21,57,61,3,745239.0,91829,0.12,3,1,0,0,0,15,1,250968,0,64,0,0,0,0,,2022-06-15,Active,241125.0,Irregular,132475.0,93123.0,70602.0,0.2916,4,27,8,0.9293,1.0,0,0,Current,Current,1,32,3,4,58,842274.0,41
237,LOAN00237,44,1237136.0,2,Married,Postgraduate,18,781371.0,Personal Loan,1006293.0,24,18.86,50657.0,Average,1,0.48,98,65,6,2617975.0,1705377,0.65,3,1,0,0,0,280,2,338278,1,146,0,0,0,0,,2022-06-06,Active,298198.0,Bi-Monthly,166221.0,138263.0,41725.0,0.2347,3,48,3,0.9717,0.0,0,0,Current,Current,0,48,7,7,36,1369719.0,25
241,LOAN00241,25,1405526.0,14,Single,High School,8,326430.0,Business Loan,1705058.0,12,13.4,152611.0,Good,1,0.43,39,61,9,1676257.0,217807,0.13,1,1,0,0,0,78,4,241192,0,178,0,0,0,0,,2022-06-04,Active,244351.0,Monthly,49048.0,39000.0,54817.0,0.7589,0,19,4,0.8109,1.0,0,0,Current,Current,3,58,7,3,47,1559991.0,5
263,LOAN00263,54,2026388.0,24,Married,High School,16,218638.0,Personal Loan,1355010.0,24,21.837699999999998,70221.0,Good,0,0.49,68,87,13,2814119.0,2044325,0.73,2,1,0,0,0,13,0,426509,0,97,0,0,0,0,,2022-09-05,Active,482228.0,Monthly,78669.0,57702.0,87595.0,0.7297,2,4,5,0.9062,1.0,0,0,Current,Current,2,32,4,4,36,1434611.0,40
275,LOAN00275,38,476868.0,7,Married,High School,0,99457.0,Education Loan,1890051.0,24,16.82,93285.0,Average,1,0.44,95,63,3,294544.0,256513,0.87,2,0,1,0,1,239,2,58654,1,43,90,2,1,0,,2022-09-07,NPA,55869.0,Monthly,158837.0,109280.0,25793.0,0.6964,24,26,3,0.6633,3.0,0,90,61-90 DPD,Current,2,17,3,5,22,271382.0,31
276,LOAN00276,51,967324.0,22,Married,Graduate,18,541077.0,Auto Loan,1625679.0,60,8.1423,33048.0,Good,0,0.43,84,87,8,330060.0,34563,0.1,0,1,0,0,0,148,0,596209,0,54,0,0,0,0,,2022-06-30,Active,503827.0,Irregular,77430.0,45104.0,42460.0,0.2859,4,74,3,0.8916,1.0,0,0,Current,Current,1,47,0,2,31,223706.0,16
285,LOAN00285,38,1540497.0,11,Single,Postgraduate,17,683042.0,Business Loan,211700.0,24,19.77,10750.0,Good,0,0.5,24,78,0,1013908.0,737484,0.73,0,1,0,0,0,270,0,590394,1,197,0,0,0,0,,2022-07-16,Active,676229.0,Monthly,155210.0,141149.0,95442.0,0.2408,3,24,7,0.814,1.0,0,0,Current,Current,1,52,1,3,54,716192.0,37
291,LOAN00291,59,1615283.0,26,Single,High School,22,725059.0,Education Loan,966877.0,72,9.37,17606.0,Average,0,0.08,89,62,7,1487211.0,923709,0.62,2,1,0,0,0,186,0,550363,0,26,0,0,0,0,,2022-08-08,Active,634573.0,Monthly,139241.0,105347.0,38016.0,0.5185,0,54,4,0.9321,0.0,0,0,Current,Current,2,11,2,3,48,1022108.0,52
347,LOAN00347,60,1215555.0,10,Single,High School,2,275811.0,Home Loan,894946.0,48,14.47,24667.0,Good,1,0.08,87,65,10,2483060.0,1082246,0.44,0,0,0,0,0,14,3,479064,0,106,0,0,0,0,,2022-08-25,Active,549836.0,Bi-Monthly,247622.85,132787.0,71000.0,0.2517,4,47,0,0.9935,0.0,0,0,Current,Current,3,35,1,0,33,2578080.0,40
360,LOAN00360,41,556297.0,15,Single,High School,2,359911.0,Personal Loan,237510.0,72,17.3,5323.0,Good,1,0.37,24,71,0,490311.0,388607,0.79,0,0,0,0,0,41,2,317570,0,65,0,0,0,0,,2022-06-22,Active,370651.0,Monthly,143835.0,117595.0,42083.0,0.6782,2,52,0,0.8632,1.0,0,0,Current,Current,3,49,1,4,12,533295.0,52
365,LOAN00365,46,1742010.0,8,Single,High School,22,182878.0,Personal Loan,1131107.0,24,18.29,56628.0,Good,1,0.07,58,94,1,375755.0,115074,0.31,1,1,0,0,0,258,2,373320,1,61,0,0,0,0,,2022-07-06,Active,438010.0,Irregular,238628.0,138920.0,82167.0,0.7873,4,10,9,0.9341,0.0,0,0,Current,Current,2,25,3,2,13,438816.0,58
366,LOAN00366,41,1280607.0,5,Single,Postgraduate,5,498086.0,Personal Loan,1545534.0,72,13.44,31385.0,Average,1,0.16,10,66,0,562087.0,361758,0.64,1,0,0,0,0,47,5,117196,0,174,0,0,0,0,,2022-08-18,Active,119241.0,Bi-Monthly,108599.0,71303.0,83383.0,0.5983,4,77,1,0.9284,0.0,0,0,Current,Current,4,35,0,5,51,455330.0,10
374,LOAN00374,39,627594.0,23,Married,High School,18,110569.0,Personal Loan,367337.0,84,20.98,8375.0,Average,1,0.8,79,63,2,1342344.0,1156892,0.86,9,0,1,0,2,240,11,80722,4,147,60,2,1,0,,2022-09-16,NPA,95459.0,Irregular,202870.0,186687.0,91777.0,0.7743,16,28,1,0.4932,4.0,60,60,31-60 DPD,Current,0,3,4,12,6,1465598.0,24
379,LOAN00379,28,1110357.0,21,Divorced,High School,10,541369.0,Home Loan,1605771.0,48,15.69,45253.0,Good,1,0.28,20,68,6,999132.0,404062,0.4,3,0,0,0,0,274,5,645990,0,120,0,0,0,0,,2022-08-25,Active,675783.0,Bi-Monthly,244291.0,168041.0,88584.0,0.653,3,18,9,0.8197,0.0,0,0,Current,Current,4,33,3,5,27,1157388.0,57
385,LOAN00385,35,433387.0,25,Single,Graduate,7,767218.0,Education Loan,788032.0,36,9.39,25202.0,Good,0,0.5,58,82,10,134346.0,105900,0.79,3,0,0,0,0,152,1,634975,0,140,0,0,0,0,,2022-09-24,Active,576849.0,Bi-Monthly,113962.0,97158.0,989.4300000000001,0.4097,3,77,5,0.8141,0.0,0,0,Current,Current,3,47,0,5,56,75130.0,8
386,LOAN00386,36,1331520.0,16,Married,Graduate,2,158196.0,Home Loan,679648.0,48,17.57,19812.0,Average,0,0.06,69,73,9,2371796.0,1683428,0.71,1,0,0,0,0,183,2,186824,1,168,0,0,0,0,,2022-08-31,Active,192941.0,Monthly,94609.0,78375.0,28337.0,0.4599,2,37,2,0.9942,0.0,0,0,Current,Current,4,14,2,1,47,2330329.0,51
403,LOAN00403,25,1474592.0,6,Single,Graduate,11,327832.0,Home Loan,131969.0,48,8.38,3245.0,Average,0,0.28,14,83,6,1044110.0,713028,0.68,2,1,0,0,0,229,4,307985,1,113,0,0,0,0,,2022-07-04,Active,297327.0,Monthly,35657.0,32996.0,51801.0,0.4839,1,50,4,0.8667,1.0,0,0,Current,Current,3,10,2,3,29,1097944.0,16
408,LOAN00408,41,937671.0,3,Divorced,Graduate,0,494075.0,Home Loan,1239491.0,36,17.83,44704.0,Good,1,0.21,22,87,2,371631.0,313312,0.84,0,1,0,0,0,110,1,573651,0,92,0,0,0,0,,2022-06-07,Active,556431.0,Monthly,99265.0,85853.0,86826.0,0.2171,0,67,2,0.9425,0.0,0,0,Current,Current,1,55,6,0,56,339867.0,33
410,LOAN00410,38,884446.0,17,Married,Postgraduate,11,74059.0,Home Loan,1012702.0,60,20.58,27158.0,Good,0,0.19,67,63,7,2769067.0,943724,0.34,3,0,0,0,0,64,1,545706,1,75,0,0,0,0,,2022-07-14,Active,638598.0,Bi-Monthly,139415.0,112801.0,81246.0,0.1454,2,71,9,0.8935,0.0,0,0,Current,Current,4,10,8,4,19,2975501.0,41
418,LOAN00418,51,1073582.0,15,Single,Graduate,20,538505.0,Auto Loan,639661.0,84,17.35,13201.0,Good,1,0.23,34,95,14,1469387.0,1283175,0.87,1,1,0,0,0,277,5,247271,0,115,0,0,0,0,,2022-06-17,Active,251607.0,Irregular,33122.0,21106.0,33745.0,0.4063,3,71,3,0.9373,0.0,0,0,Current,Current,1,29,9,5,55,916523.0,40
421,LOAN00421,64,1244017.0,15,Married,Postgraduate,4,462570.0,Business Loan,562374.0,12,15.27,50830.0,Good,1,0.42,34,85,0,712790.0,290092,0.41,0,0,0,0,0,243,1,606878,1,118,0,0,0,0,,2022-06-04,Active,584758.0,Monthly,30489.0,27611.0,41011.0,0.2674,2,37,4,0.8321,1.0,0,0,Current,Current,2,28,7,1,36,770945.0,14
431,LOAN00431,46,1536420.0,2,Married,Graduate,9,539415.0,Home Loan,702772.0,48,14.61,19420.0,Average,1,0.06,44,88,2,1309152.0,957093,0.73,0,0,0,0,0,218,2,253825,1,128,0,0,0,0,,2022-06-26,Active,243271.0,Monthly,175670.0,134632.0,51378.0,0.3204,4,76,9,0.9847,0.0,0,0,Current,Current,3,36,4,2,29,678221.0,4
453,LOAN00453,35,380146.0,10,Single,Graduate,18,309747.0,Personal Loan,831826.0,72,21.79,20797.0,Good,0,0.2,86,82,4,1288773.0,729372,0.57,3,0,0,0,0,258,4,551724,0,22,0,0,0,0,,2022-06-11,Active,548487.0,Monthly,106689.0,75503.0,10105.0,0.3402,4,31,7,0.9522,1.0,0,0,Current,Current,2,39,2,7,55,1004284.0,28
464,LOAN00464,50,345161.0,23,Divorced,High School,8,70372.0,Business Loan,229014.0,12,9.41,20071.0,Good,1,0.44,31,73,4,1920871.0,1501624,0.78,0,1,0,0,0,135,4,34838,0,154,0,0,0,0,,2022-08-01,Active,31563.0,Irregular,187434.0,135317.0,61551.0,0.1092,3,2,6,0.8514,0.0,0,0,Current,Current,4,44,4,1,38,1857835.0,29
466,LOAN00466,40,2273384.0,2,Married,Graduate,24,361193.0,Home Loan,1202434.0,72,16.47,26395.0,Good,1,0.5,11,58,12,1689512.0,507923,0.3,0,0,0,0,0,168,4,71823,1,99,0,0,0,0,,2022-09-11,Active,70814.0,Monthly,232262.0,170372.0,39317.0,0.5841,1,49,3,0.8099,1.0,0,0,Current,Current,0,39,3,1,18,1228536.0,19
476,LOAN00476,55,1864924.0,21,Married,Graduate,15,323484.0,Home Loan,1317602.0,84,21.837699999999998,30857.0,Good,0,0.4,40,83,10,1882990.0,1352476,0.72,1,1,0,0,0,209,1,496618,1,186,0,0,0,0,,2022-09-08,Active,460085.0,Monthly,205807.0,109988.0,58361.0,0.3471,0,61,6,0.8156,1.0,0,0,Current,Current,2,40,3,3,54,2149673.0,59
478,LOAN00478,32,483188.0,17,Single,Graduate,21,72785.0,Home Loan,1456188.0,36,16.81,51779.0,Good,0,0.28,76,64,7,152163.0,101375,0.67,0,0,0,0,0,42,1,379323,0,69,0,0,0,0,,2022-07-09,Active,393270.0,Irregular,162982.0,120569.0,37037.0,0.1547,0,58,0,0.9965,1.0,0,0,Current,Current,1,47,9,1,18,97420.0,21
493,LOAN00493,37,386951.0,17,Divorced,Postgraduate,14,343747.0,Auto Loan,1155493.0,84,9.05,18620.0,Good,1,0.1,71,97,7,2974206.08,2062079,0.69,1,0,0,0,0,264,4,35760,1,58,0,0,0,0,,2022-06-27,Active,30682.0,Irregular,43894.0,40408.0,98353.0,0.2515,4,6,3,0.8045,1.0,0,0,Current,Current,4,51,9,4,46,2274827.0,51
515,LOAN00515,47,1447771.0,9,Divorced,High School,24,559566.0,Home Loan,1099952.0,12,17.64,100655.0,Good,0,0.3,84,69,2,2450084.0,455318,0.19,2,1,0,0,0,214,4,642076,0,95,0,0,0,0,,2022-08-03,Active,729262.0,Monthly,46652.0,28521.0,52763.0,0.4477,3,55,1,0.942,0.0,0,0,Current,Current,2,17,6,6,39,2730770.0,57
521,LOAN00521,62,2275864.0,4,Married,Graduate,7,776862.0,Education Loan,1597338.0,36,8.1423,50062.0,Good,0,0.06,27,96,11,1752885.0,1557760,0.89,0,0,0,0,0,148,4,525870,1,130,0,0,0,0,,2022-09-18,Active,603983.0,Monthly,201228.0,136769.0,98371.76999999999,0.2051,3,19,2,0.9344,0.0,0,0,Current,Current,1,7,2,1,45,1286336.0,50
528,LOAN00528,64,651125.0,12,Single,High School,7,120983.0,Business Loan,297659.0,72,20.18,7160.0,Average,1,0.54,89,31,9,159669.0,96277,0.6,6,1,0,0,2,165,7,53959,1,153,90,2,1,0,,2022-09-14,NPA,52261.0,Monthly,144782.0,118926.0,91884.0,0.607,17,51,4,0.583,1.0,60,90,31-60 DPD,1-30 DPD,0,21,1,6,7,137746.0,41
538,LOAN00538,35,2113950.0,7,Married,Postgraduate,0,600104.0,Personal Loan,334741.0,12,16.82,30501.0,Average,0,0.43,72,99,13,462212.0,135373,0.29,1,1,0,0,0,205,5,252827,1,58,0,0,0,0,,2022-06-15,Active,255091.0,Monthly,162655.0,121740.0,52931.0,0.7506,1,29,0,0.8859,1.0,0,0,Current,Current,2,51,7,4,37,244586.0,38
552,LOAN00552,59,1174238.0,27,Single,Postgraduate,13,610413.0,Personal Loan,805761.0,48,18.04,23686.0,Average,1,0.25,51,91,5,2077518.0,1842979,0.89,3,0,0,0,0,25,2,596128,0,73,0,0,0,0,,2022-06-12,Active,701009.0,Irregular,24709.09,16087.0,68264.0,0.2259,0,68,7,0.9636,0.0,0,0,Current,Current,2,10,5,7,14,1226694.0,29
559,LOAN00559,32,1562009.0,24,Single,High School,10,645059.0,Personal Loan,1277944.0,24,17.98,63787.0,Average,0,0.28,74,57,7,2054869.0,559747,0.27,1,0,0,0,0,26,2,320499,0,117,0,0,0,0,,2022-08-07,Active,376537.0,Monthly,63960.0,47712.0,98371.76999999999,0.2223,0,56,0,0.8029,1.0,0,0,Current,Current,2,39,2,3,46,2248370.0,57
565,LOAN00565,42,1128817.0,13,Married,Graduate,18,519077.0,Business Loan,1274964.0,84,14.95,24566.0,Good,1,0.07,40,69,2,2385295.0,858338,0.36,0,1,0,0,0,183,5,672590,0,67,0,0,0,0,,2022-07-04,Active,713997.0,Monthly,221142.0,171440.0,17671.0,0.4304,1,11,4,0.9263,1.0,0,0,Current,Current,0,22,7,0,53,2429407.0,11
570,LOAN00570,24,1919212.0,22,Divorced,Graduate,10,154072.0,Business Loan,613181.0,48,21.27,19076.0,Average,0,0.26,13,80,1,279526.0,186813,0.67,2,0,0,0,0,280,5,79572,1,51,0,0,0,0,,2022-09-21,Active,77363.0,Monthly,46855.0,43212.0,13945.0,0.3681,2,51,2,0.8706,0.0,0,0,Current,Current,1,43,4,2,19,284473.0,8
577,LOAN00577,47,1113057.0,8,Divorced,Postgraduate,16,105429.0,Home Loan,1308726.0,48,11.6,34207.0,Good,1,0.47,88,83,6,1576846.0,1049287,0.67,2,0,0,0,0,209,2,337127,1,176,0,0,0,0,,2022-06-03,Active,355053.0,Irregular,55166.0,28212.0,18090.0,0.4817,3,20,8,0.8325,0.0,0,0,Current,Current,3,3,6,4,36,1604227.0,42
598,LOAN00598,26,465773.0,2,Single,High School,3,166223.0,Personal Loan,1204405.0,48,16.46,34417.0,Average,1,0.53,12,74,7,754823.0,265347,0.35,0,0,0,0,0,90,3,576799,1,119,0,0,0,0,,2022-07-26,Active,581250.0,Monthly,152705.0,137396.0,90694.0,0.696,4,38,6,0.9486,1.0,0,0,Current,Current,3,53,6,2,48,671464.0,34
599,LOAN00599,39,495643.0,23,Single,Graduate,16,38064.0,Home Loan,483455.0,24,15.46,23546.0,Good,1,0.21,99,61,1,2863061.0,1269447,0.44,0,1,0,0,0,275,2,116283,1,54,0,0,0,0,,2022-06-05,Active,129241.0,Irregular,50074.0,39526.0,96688.0,0.4542,4,0,5,0.911,0.0,0,0,Current,Current,4,4,1,2,21,3303025.789999999,21
621,LOAN00621,28,630285.0,13,Single,High School,20,145332.0,Auto Loan,313455.0,60,10.92,6802.0,Good,1,0.25,98,94,10,2421091.0,490636,0.2,0,0,0,0,0,58,2,641099,1,79,0,0,0,0,,2022-08-01,Active,664681.0,Monthly,64532.0,37720.0,75265.0,0.1105,1,45,5,0.9519,1.0,0,0,Current,Current,2,58,1,0,51,2453137.0,52
630,LOAN00630,46,546774.0,12,Single,Postgraduate,12,316441.0,Home Loan,980592.0,36,10.82,32019.0,Good,1,0.16,92,79,11,850249.0,279749,0.33,1,1,0,0,0,213,5,616809,1,159,0,0,0,0,,2022-08-20,Active,639800.0,Bi-Monthly,125929.0,77844.0,56177.0,0.109,0,48,6,0.8221,1.0,0,0,Current,Current,4,13,5,2,22,666011.0,40
655,LOAN00655,49,2218629.0,8,Single,High School,6,584065.0,Business Loan,149499.0,12,12.98,13351.0,Good,0,0.16,90,96,1,209559.0,86756,0.41,3,0,0,0,0,95,1,568375,0,115,0,0,0,0,,2022-09-02,Active,605740.0,Bi-Monthly,242278.0,208360.0,50530.0,0.7773,3,3,3,0.9811,0.0,0,0,Current,Current,1,8,6,7,33,236335.0,40
657,LOAN00657,59,1624662.0,12,Single,High School,18,672395.0,Education Loan,723657.0,84,16.01,14377.0,Average,1,0.37,99,90,13,258553.0,173433,0.67,3,0,0,0,0,268,5,541088,1,122,0,0,0,0,,2022-08-28,Active,517556.0,Monthly,113532.0,97065.0,18466.0,0.3732,3,5,6,0.8808,0.0,0,0,Current,Current,4,48,4,3,43,157755.0,15
664,LOAN00664,37,524205.0,5,Married,Postgraduate,20,90976.0,Home Loan,1766882.0,60,15.63,42620.0,Poor,5,0.76,98,14,7,154857.0,45424,0.29,6,4,1,2,2,13,4,67897,8,181,90,6,1,1,2022-08-16,2022-07-26,Default,59290.0,Bi-Monthly,24709.09,15847.230000000001,77217.0,0.486,18,40,0,0.2776,9.0,90,90,90+ DPD,90+ DPD,0,32,1,9,15,156237.0,8
670,LOAN00670,42,549748.0,14,Married,High School,6,484133.0,Business Loan,1483107.0,48,12.71,39574.0,Good,0,0.3,57,92,10,2306267.0,789352,0.34,0,0,0,0,0,170,3,515882,1,79,0,0,0,0,,2022-06-24,Active,484526.0,Monthly,27103.0,21631.0,26920.0,0.6496,2,63,4,0.8143,0.0,0,0,Current,Current,1,8,4,2,52,2081826.0,46
671,LOAN00671,63,403950.0,16,Married,Graduate,5,154075.0,Personal Loan,1880891.0,12,16.42,168500.60999999996,Good,1,0.14,70,61,5,1081865.0,502789,0.46,2,0,0,0,0,216,1,380973,0,130,0,0,0,0,,2022-09-03,Active,381799.0,Monthly,236321.0,162891.0,88996.0,0.1439,0,68,2,0.827,1.0,0,0,Current,Current,2,32,6,3,42,552063.0,18
672,LOAN00672,50,950073.0,9,Married,Graduate,1,284658.0,Education Loan,1487796.0,24,19.09,75062.0,Good,1,0.37,38,56,3,2795529.0,2074340,0.74,1,1,0,0,0,192,1,42618,1,47,0,0,0,0,,2022-07-20,Active,40424.0,Bi-Monthly,134115.0,85088.0,81979.0,0.6365,0,11,2,0.875,1.0,0,0,Current,Current,0,44,5,4,46,2681211.0,46
681,LOAN00681,22,440083.0,3,Divorced,Graduate,23,131819.0,Auto Loan,1293566.0,24,20.75,66311.0,Poor,4,0.78,19,22,5,2362610.0,1401684,0.59,6,4,3,1,2,122,2,12837,5,124,90,5,1,1,2022-12-27,2022-06-30,Default,11152.0,Monthly,148578.0,134020.0,69692.0,0.7153,5,27,6,0.3441,9.0,90,90,90+ DPD,61-90 DPD,3,13,8,6,19,1294909.0,11
706,LOAN00706,28,1821847.0,9,Single,Graduate,15,548568.0,Auto Loan,1462073.0,24,21.16,75244.0,Good,0,0.09,78,56,5,2586056.0,1587418,0.61,3,1,0,0,0,169,0,126038,1,151,0,0,0,0,,2022-08-12,Active,138769.0,Monthly,199219.0,111855.0,88285.0,0.6074,2,49,8,0.9889,0.0,0,0,Current,Current,0,57,0,7,38,2636418.0,44
708,LOAN00708,33,1329278.0,12,Single,Postgraduate,18,425752.0,Business Loan,1694940.0,72,9.29,30796.0,Good,0,0.14,12,97,8,2950757.0,894396,0.3,2,0,0,0,0,131,0,340898,1,159,0,0,0,0,,2022-06-26,Active,356243.0,Monthly,87266.0,82404.0,95423.0,0.4831,3,32,9,0.8492,1.0,0,0,Current,Current,4,27,9,2,14,2251944.0,55
712,LOAN00712,43,747764.0,20,Single,Graduate,9,781678.0,Business Loan,1330349.0,72,14.7,27913.0,Good,1,0.52,53,57,12,1195711.0,658504,0.55,1,0,0,0,0,122,0,516638,0,178,0,0,0,0,,2022-08-03,Active,584275.0,Bi-Monthly,145217.0,90353.0,40063.0,0.1109,0,44,4,0.8961,1.0,0,0,Current,Current,1,56,5,2,17,874167.0,43
714,LOAN00714,29,1458838.0,8,Single,Graduate,12,252368.0,Auto Loan,607403.0,12,11.23,53748.0,Average,1,0.18,89,63,1,2187075.0,1720368,0.79,0,1,0,0,0,32,3,203195,1,139,0,0,0,0,,2022-08-18,Active,217322.0,Monthly,157091.0,89667.0,79248.0,0.7479,3,54,4,0.853,1.0,0,0,Current,Current,4,26,9,4,52,1425968.0,18
717,LOAN00717,25,954306.0,1,Married,Graduate,4,575809.0,Personal Loan,1636053.0,60,12.23,36583.0,Good,0,0.23,24,69,9,693847.0,275993,0.4,3,0,0,0,0,113,1,440107,0,92,0,0,0,0,,2022-07-18,Active,380453.0,Monthly,233664.0,198121.0,14936.0,0.6688,4,22,8,0.8425,1.0,0,0,Current,Current,0,32,4,7,39,457726.0,54
736,LOAN00736,38,2448770.0,7,Divorced,Postgraduate,3,742528.0,Auto Loan,188133.0,12,10.64,16595.0,Average,1,0.13,43,64,3,2202741.0,835113,0.38,2,0,0,0,0,213,1,572059,1,92,0,0,0,0,,2022-07-31,Active,555980.0,Bi-Monthly,24709.09,16480.0,76338.0,0.5271,0,78,6,0.9876,0.0,0,0,Current,Current,1,24,3,4,22,1914476.0,36
737,LOAN00737,44,1460799.0,25,Divorced,Graduate,23,688321.0,Business Loan,1341614.0,84,9.66,22037.0,Average,0,0.52,29,90,5,2057734.0,861070,0.42,0,0,0,0,0,23,1,151410,1,195,0,0,0,0,,2022-08-23,Active,156187.0,Bi-Monthly,87389.0,62163.0,57732.0,0.6403,2,44,5,0.9618,1.0,0,0,Current,Current,4,6,6,3,20,1574249.0,9
747,LOAN00747,41,1983706.0,4,Married,High School,19,531535.0,Auto Loan,898236.0,24,15.2,43637.0,Good,0,0.1,17,69,13,2723465.0,1800277,0.66,2,1,0,0,0,238,4,505470,1,158,0,0,0,0,,2022-08-15,Active,525360.0,Monthly,111183.0,76170.0,45132.0,0.7452,1,62,5,0.915,0.0,0,0,Current,Current,4,56,6,3,36,2638719.0,11
748,LOAN00748,58,2143265.0,3,Married,Graduate,0,529773.0,Personal Loan,980955.0,60,11.54,21593.0,Good,0,0.15,35,88,10,2063793.0,509931,0.25,2,0,0,0,0,261,2,37318,0,85,0,0,0,0,,2022-09-14,Active,44453.0,Bi-Monthly,81830.0,58545.0,64093.0,0.3169,2,57,8,0.952,1.0,0,0,Current,Current,3,25,3,2,52,1142801.0,17
761,LOAN00761,40,1966168.0,20,Married,Graduate,15,482070.0,Business Loan,1952042.0,84,12.31,34783.0,Good,0,0.35,24,69,11,1130902.0,463007,0.41,0,1,0,0,0,160,0,187391,0,167,0,0,0,0,,2022-09-15,Active,174779.0,Monthly,231370.0,183784.0,89447.0,0.3297,3,69,2,0.9833,0.0,0,0,Current,Current,2,33,5,0,38,1016866.0,13
776,LOAN00776,37,719195.0,21,Married,Graduate,11,331214.0,Home Loan,1775721.0,48,11.7,46500.0,Good,1,0.21,25,70,5,1120001.0,634212,0.57,3,0,0,0,0,258,5,643537,1,137,0,0,0,0,,2022-07-02,Active,632281.0,Bi-Monthly,119228.0,75313.0,32298.0,0.5997,3,33,9,0.8996,1.0,0,0,Current,Current,0,26,8,3,38,955781.0,41
779,LOAN00779,62,1261681.0,7,Divorced,Postgraduate,23,751275.0,Personal Loan,228912.0,24,13.96,10986.0,Good,1,0.34,75,61,5,819652.0,327766,0.4,2,1,0,0,0,78,5,459006,0,194,0,0,0,0,,2022-08-23,Active,486655.0,Monthly,242993.0,195346.0,58486.0,0.4972,1,7,9,0.8727,0.0,0,0,Current,Current,3,39,2,3,55,779241.0,58
794,LOAN00794,37,433390.0,3,Married,Graduate,6,147469.0,Personal Loan,1716582.0,72,10.74,32445.0,Poor,5,0.62,72,38,2,2870968.0,1503575,0.52,8,3,2,1,3,60,3,88994,7,98,90,7,1,1,2023-12-27,2022-08-08,Default,91277.0,Monthly,87461.0,63770.0,8213.0,0.1448,10,36,3,0.3114,10.0,60,90,90+ DPD,61-90 DPD,0,57,1,11,8,3247354.0,22
801,LOAN00801,29,1587420.0,26,Married,High School,11,637957.0,Home Loan,1791680.0,48,10.38,45769.0,Good,0,0.13,78,70,13,2373219.0,1444490,0.61,0,1,0,0,0,80,4,637987,1,184,0,0,0,0,,2022-08-12,Active,730609.0599999999,Monthly,176003.0,144070.0,46315.0,0.6648,4,29,0,0.9869,1.0,0,0,Current,Current,0,3,3,2,53,2222512.0,36
802,LOAN00802,43,1059614.0,27,Single,Graduate,1,782851.83,Personal Loan,1968469.0,48,14.65,54435.0,Good,0,0.34,27,86,8,78479.0,61359,0.78,3,1,0,0,0,224,0,345988,0,84,0,0,0,0,,2022-07-20,Active,334305.0,Monthly,223904.0,159501.0,82618.0,0.4859,3,26,3,0.9919,1.0,0,0,Current,Current,4,39,2,6,32,51344.29,51
811,LOAN00811,36,738836.0,15,Married,Graduate,23,167535.0,Auto Loan,1462160.0,84,11.89,25725.0,Poor,7,0.67,48,9,14,2046239.0,296409,0.14,3,1,1,2,3,89,6,76932,3,127,90,4,1,1,2022-12-07,2022-09-14,Default,64934.0,Monthly,87205.0,72606.0,54400.0,0.5769,29,71,8,0.125189,7.0,90,90,90+ DPD,61-90 DPD,0,18,9,7,7,2034133.0,8
823,LOAN00823,54,2220571.0,23,Single,Graduate,17,737001.0,Auto Loan,777905.0,48,13.89,21214.0,Average,1,0.52,77,91,7,497848.0,362038,0.73,2,1,0,0,0,72,1,135227,0,55,0,0,0,0,,2022-09-17,Active,123132.0,Monthly,161420.0,135158.0,35686.0,0.5565,1,78,7,0.9266,0.0,0,0,Current,Current,4,23,2,2,37,445019.0,30
844,LOAN00844,54,2142072.0,5,Married,High School,16,198722.0,Auto Loan,1793145.0,84,21.19,41113.0,Good,1,0.33,29,77,2,2201817.0,1051758,0.48,0,0,0,0,0,175,0,433499,1,192,0,0,0,0,,2022-07-24,Active,507273.0,Monthly,28903.0,19588.0,30184.0,0.4791,1,59,5,0.8647,1.0,0,0,Current,Current,1,26,3,0,49,2632995.0,29
854,LOAN00854,62,2022096.0,5,Married,Postgraduate,23,419507.0,Education Loan,1439537.0,12,18.0,131976.0,Good,0,0.39,42,90,5,2088400.0,557812,0.27,2,1,0,0,0,208,5,289877,0,130,0,0,0,0,,2022-08-19,Active,245079.0,Monthly,109093.0,79087.0,62799.0,0.6589,4,75,6,0.9484,0.0,0,0,Current,Current,2,47,7,4,59,2083011.0,57
857,LOAN00857,64,724655.0,21,Married,Postgraduate,11,370448.0,Business Loan,473840.0,24,8.79,21601.0,Good,1,0.17,88,82,14,2608036.0,1551874,0.6,2,0,0,0,0,209,2,66460,1,177,0,0,0,0,,2022-09-10,Active,72793.0,Monthly,87989.0,73225.0,1757.0,0.3888,3,4,9,0.973,1.0,0,0,Current,Current,2,39,5,2,49,1978077.0,7
882,LOAN00882,52,2282781.0,18,Married,Graduate,12,285650.0,Home Loan,1871000.0,24,16.33,91905.0,Average,0,0.38,95,73,13,2581734.0,1333198,0.52,1,1,0,0,0,50,2,264445,0,66,0,0,0,0,,2022-07-04,Active,259853.0,Bi-Monthly,111579.0,101338.0,64895.0,0.786,2,41,4,0.8859,1.0,0,0,Current,Current,4,37,8,5,46,2334484.0,5
883,LOAN00883,23,2410011.0,23,Married,Postgraduate,7,181479.0,Education Loan,343089.0,84,16.77,6965.0,Average,0,0.51,28,88,0,1661696.0,288205,0.17,0,1,0,0,0,159,1,95150,1,148,0,0,0,0,,2022-06-02,Active,102787.0,Monthly,157811.0,124027.0,66778.0,0.1726,0,8,0,0.9256,0.0,0,0,Current,Current,0,46,2,0,14,1363975.0,31
892,LOAN00892,41,1727301.0,1,Single,High School,8,510280.0,Personal Loan,390544.0,60,14.85,9260.0,Average,0,0.52,93,76,3,2318064.0,1505041,0.65,0,0,0,0,0,67,0,472628,1,188,0,0,0,0,,2022-09-23,Active,458050.0,Monthly,24709.09,15847.230000000001,46549.0,0.4531,3,69,0,0.8661,0.0,0,0,Current,Current,0,12,0,4,32,2091509.0,11
895,LOAN00895,58,1514956.0,19,Single,Graduate,24,144428.0,Personal Loan,1496391.0,36,20.76,56192.0,Average,0,0.5,96,96,9,1450287.0,201367,0.14,3,0,0,0,0,26,2,331581,0,81,0,0,0,0,,2022-08-12,Active,352606.0,Irregular,78794.0,53647.0,94361.0,0.796177,3,74,6,0.8256,1.0,0,0,Current,Current,2,45,0,6,52,819042.0,40
896,LOAN00896,54,1713349.0,3,Divorced,Postgraduate,7,131839.0,Personal Loan,1101770.0,72,21.73,27506.0,Average,0,0.22,94,68,12,2117205.0,1317850,0.62,1,1,0,0,0,89,1,113291,1,45,0,0,0,0,,2022-09-23,Active,134874.0,Bi-Monthly,209392.0,155232.0,72392.0,0.4868,1,76,5,0.8451,1.0,0,0,Current,Current,4,4,5,5,35,2385481.0,11
897,LOAN00897,48,765830.0,6,Single,Graduate,7,733175.0,Home Loan,843631.0,48,10.82,21730.0,Average,0,0.31,40,90,8,1398589.0,892567,0.64,3,1,0,0,0,92,2,42303,0,30,0,0,0,0,,2022-08-02,Active,45614.0,Bi-Monthly,192725.0,107818.0,54881.0,0.155,2,19,6,0.8799,1.0,0,0,Current,Current,2,12,6,4,59,1180494.0,46
909,LOAN00909,39,2124131.0,22,Single,Graduate,15,487015.0,Personal Loan,1104291.0,48,9.88,27944.0,Good,1,0.23,17,80,5,879793.0,109876,0.12,3,0,0,0,0,120,5,314636,0,22,0,0,0,0,,2022-07-18,Active,323797.0,Monthly,206771.0,108484.0,11345.0,0.4241,2,74,6,0.8555,0.0,0,0,Current,Current,4,56,1,6,13,831334.0,45
915,LOAN00915,53,2368773.0,17,Single,High School,4,464064.0,Auto Loan,1641984.0,84,14.92,31611.0,Good,1,0.46,80,84,13,2765380.0,773416,0.28,1,1,0,0,0,207,5,615954,1,114,0,0,0,0,,2022-09-19,Active,620893.0,Bi-Monthly,78999.0,41780.0,67139.0,0.4547,0,53,9,0.8308,1.0,0,0,Current,Current,3,54,7,2,45,3260280.0,15
939,LOAN00939,27,1506950.0,9,Divorced,Postgraduate,3,449378.0,Home Loan,151177.0,36,14.44,5199.0,Good,0,0.23,73,71,9,585788.0,327856,0.56,1,1,0,0,0,13,1,327928,0,129,0,0,0,0,,2022-08-25,Active,291737.0,Monthly,244330.0,196798.0,22015.0,0.653,4,6,2,0.904,0.0,0,0,Current,Current,4,27,6,2,59,355465.0,57
940,LOAN00940,33,2470420.77,13,Divorced,High School,15,40959.0,Personal Loan,166098.0,60,13.28,3803.0,Average,0,0.5,42,92,12,2899022.0,1299623,0.45,0,0,0,0,0,230,2,97346,1,169,0,0,0,0,,2022-08-07,Active,98737.0,Irregular,236225.0,213933.0299999999,35201.0,0.6888,0,59,2,0.9943,1.0,0,0,Current,Current,2,11,6,0,36,3303025.789999999,26
941,LOAN00941,29,773288.0,7,Divorced,High School,14,102424.0,Auto Loan,1151409.0,12,14.58,103696.0,Good,0,0.4,99,92,8,706908.0,373658,0.53,1,0,0,0,0,194,1,441481,1,67,0,0,0,0,,2022-09-21,Active,454079.0,Bi-Monthly,24709.09,15847.230000000001,34346.0,0.7416,2,8,4,0.9652,1.0,0,0,Current,Current,0,40,3,5,33,753345.0,12
947,LOAN00947,59,1109805.0,14,Single,High School,10,774756.0,Personal Loan,740818.0,48,12.62,19734.0,Good,1,0.41,95,82,2,2000166.0,1044814,0.52,0,1,0,0,0,13,0,294262,1,68,0,0,0,0,,2022-08-02,Active,317783.0,Irregular,235716.0,203497.0,19970.0,0.1138,3,39,4,0.9662,1.0,0,0,Current,Current,0,55,9,2,49,1294144.0,3
948,LOAN00948,53,1997368.0,3,Married,Graduate,11,403027.0,Home Loan,1859722.0,84,18.91,40085.0,Average,1,0.2,32,82,14,1803837.0,1402852,0.78,1,1,0,0,0,146,5,525869,0,166,0,0,0,0,,2022-07-27,Active,615740.0,Monthly,134180.0,119275.0,94329.0,0.4922,2,72,6,0.926,1.0,0,0,Current,Current,1,10,7,5,56,1744116.0,57
954,LOAN00954,54,2417937.0,11,Single,High School,23,48969.0,Home Loan,615352.0,60,11.53,13542.0,Average,0,0.55,35,92,8,2667742.0,789479,0.3,2,1,0,0,0,239,1,262346,1,189,0,0,0,0,,2022-08-19,Active,277372.0,Bi-Monthly,70461.0,48979.0,1693.0,0.7707,1,18,9,0.8324,1.0,0,0,Current,Current,3,33,3,6,53,2828550.0,14
968,LOAN00968,57,1458534.0,11,Married,Graduate,20,779294.0,Personal Loan,966216.0,60,18.12,24598.0,Good,0,0.33,78,79,14,1054103.0,441853,0.42,0,1,0,0,0,211,4,263548,1,143,0,0,0,0,,2022-07-06,Active,224565.0,Bi-Monthly,30521.0,23633.0,95649.0,0.5852,4,65,9,0.9727,0.0,0,0,Current,Current,0,39,5,4,40,967969.0,33
974,LOAN00974,31,684096.0,21,Divorced,Graduate,11,653970.0,Personal Loan,441382.0,60,21.71,12117.0,Average,0,0.11,72,67,4,1881374.0,214685,0.11,2,1,0,0,0,220,2,609798,0,183,0,0,0,0,,2022-08-24,Active,639141.0,Monthly,32072.0,23958.0,97018.0,0.10745199999999999,3,6,3,0.8912,0.0,0,0,Current,Current,2,44,1,3,16,1403188.0,49
980,LOAN00980,30,2075422.0,17,Divorced,High School,18,132382.0,Auto Loan,520210.0,24,10.83,24204.0,Average,0,0.19,12,59,9,1118367.0,362448,0.32,2,0,0,0,0,275,5,439840,0,130,0,0,0,0,,2022-07-25,Active,422889.0,Monthly,79140.0,41191.0,62659.0,0.7237,2,2,4,0.8996,0.0,0,0,Current,Current,2,10,0,3,32,1308866.0,22
984,LOAN00984,33,300001.0,7,Married,Graduate,16,465973.0,Personal Loan,136418.0,60,16.59,3360.0,Good,0,0.52,55,58,10,1055578.0,333223,0.32,2,0,0,0,0,287,1,425121,0,152,0,0,0,0,,2022-08-10,Active,349000.0,Bi-Monthly,171429.0,99000.0,78357.0,0.4145,2,39,0,0.8203,1.0,0,0,Current,Current,1,57,2,2,59,589212.0,13
989,LOAN00989,28,849617.0,13,Single,Postgraduate,14,779859.0,Personal Loan,540847.0,84,15.08,10460.0,Good,1,0.34,34,70,4,1371518.0,296885,0.22,0,1,0,0,0,151,3,552057,1,135,0,0,0,0,,2022-08-22,Active,507720.0,Monthly,139773.0,96432.0,36098.0,0.2603,0,70,8,0.9534,0.0,0,0,Current,Current,2,53,5,0,26,1102465.0,56
1000,LOAN01000,29,2363141.0,23,Married,Postgraduate,3,596287.0,Home Loan,1021771.0,60,14.47,24024.0,Good,1,0.4,64,61,8,2532767.0,1526505,0.6,3,1,0,0,0,16,5,65957,0,152,0,0,0,0,,2022-07-08,Active,53088.0,Monthly,136122.0,105223.0,45129.0,0.1965,0,24,4,0.9169,1.0,0,0,Current,Current,4,28,2,5,13,2335574.0,39
